name,date,rate,type,director,cast,country
秘密访客,05/01/2021,5.7,"悬疑, 惊悚",陈正道,"郭富城, 段奕宏, 张子枫, 许玮甯, 荣梓杉, 王圣迪, 吕聿来, 张柏嘉, 孔雁", 中国大陆
你的婚礼,04/30/2021,5.1,爱情,韩天,"许光汉, 章若楠, 丁冠森, 晏紫东, 郭丞, 王莎莎, 梁靖康, 刘迅", 中国大陆
悬崖之上,04/30/2021,7.7,"剧情, 动作, 悬疑",张艺谋,"张译, 于和伟, 秦海璐, 朱亚文, 刘浩存, 倪大红, 李乃文, 余皑磊, 周晓凡, 雷佳音, 沙溢, 韩昊霖, 赵毅", 中国大陆 / 中国香港
我的姐姐,04/02/2021,7.1,"剧情, 家庭",殷若昕,"张子枫, 肖央, 朱媛媛, 段博文, 梁靖康, 金遥源, 王圣迪, 孙嘉灵, 陈永胜, 朴松日", 中国大陆
进击的巨人 最终季 ,12/07/2020,9.5,动画,"林祐一郎, 宇田钢之助, 山崎光惠, 森邦宏, 宍户淳, 德土大介, 平向智子, 牧田佳织, 下司泰弘, 大峰辉之, 茉田哲明, 高桥英俊, 曹毅, 杨烈骏","梶裕贵, 石川由依, 井上麻里奈, 三上枝织, 下野纮, 小林优, 谷山纪章, 细谷佳正, 朴璐美, 神谷浩史, 子安武人, 花江夏树, 佐仓绫音, 沼仓爱美, 增田俊树, 村濑步, 松风雅也, 小野贤章, 榎木淳弥, 渡边明乃, 斋贺光希, 井上和彦, 齐藤次郎, 花轮英司", 日本
猎鹰与冬兵 ,03/19/2021,7.7,"剧情, 动作, 科幻, 冒险",卡莉·斯考格兰德,"安东尼·麦凯, 塞巴斯蒂安·斯坦, 丹尼尔·布鲁赫, 怀亚特·罗素, 艾米丽·万凯普, 茱莉亚·路易斯, 德瑞弗斯, 艾琳·凯利曼, 戴斯蒙·詹, 丹尼·拉米雷斯, 阿德普波·奥杜耶, 科勒·班尼特, 诺亚·米尔斯, 卡尔·卢波利, 弗洛伦丝·卡松巴, 乔治·圣皮埃尔, 埃米·阿奎诺, 维罗尼卡·法尔孔, 肯·竹本, 石川美纪, 丽贝卡·莱恩斯, 唐·钱德尔, 奈斯鲍提斯塔, 伊恩·格雷格, 戴维·鲍尔斯, 尼古拉斯·普罗约尔, 亚当·瓦库拉", 美国
波斯语课 ,03/19/2021,8.2,剧情,瓦迪姆·佩尔曼,"纳威尔·佩雷兹, 毕斯卡亚特, 拉斯·艾丁格, 约纳斯·奈伊, 大卫·舒特, 亚历山大·拜尔, 安德里亚斯·霍佛尔, 莉奥妮·贝尼希, 朱塞佩·希拉奇, 安托尼·查隆, 菲利克斯·冯, 布雷多, 帕斯卡尔·艾尔索, 马库斯·卡尔文", 俄罗斯 / 德国 / 白俄罗斯
扎克·施奈德版正义联盟 ,05/03/2021,8.3,"动作, 科幻, 奇幻, 冒险",扎克·施奈德,"本·阿弗莱克, 亨利·卡维尔, 盖尔·加朵, 杰森·莫玛, 埃兹拉·米勒, 雷·费舍尔, 艾米·亚当斯, 威廉·达福, 杰西·艾森伯格, 杰瑞米·艾恩斯, 戴安·琳恩, 康妮·尼尔森, 西蒙斯, 塞伦·希德, 郑恺, 艾梅柏·希尔德, 乔·莫顿, 丽莎·洛文, 孔斯利, 大卫·休里斯, 安·奥戈博莫, 奥古斯塔·艾娃, 艾伦德斯杜提尔, 克里斯特比约格·凯尔德, 英格瓦·埃盖特, 西古德松, 马克·麦克卢尔, 迈克尔·麦克埃尔哈顿, 约翰·达格尔什, 拉腊·德坎罗, 罗比·基, 吉姆·斯图格恩, 杜晨·科洛斯, 埃莉诺·松浦, 萨曼塔·若, 布鲁克恩斯, 杰罗姆·普拉顿, 理查德·克里弗特, 文森特·里奥特, 马克·阿诺德, 彼得·吉尼斯, 赛吉·康斯坦斯, 奥萝尔·劳泽瑞尔, 朱利安·刘易斯, 琼斯, 雷·波特, 弗朗西斯·麦基, 科雷西·克莱门斯, 露西·布莱尔斯, 威尔·柯班, 凯伦·布莱森, 克里斯蒂·梅尔, 吉安皮罗·科格诺利, 寇布勒·霍尔德布鲁克, 史密斯, 凯文·马图林, 泰勒·詹姆斯, 布鲁斯·钟, 奥赖恩·李, 奥利弗·加茨, 凯莉·波尔克, 奥利弗·鲍威尔, 哈里·伦尼克斯, 欧米·罗斯, 萨姆·本杰明, 卡拉·古奇诺, 罗素·克劳, 扎克·施奈德", 美国
少林寺之得宝传奇,02/12/2021,4.0,动作,唐季礼,"王宝强, 倪大红, 吴孟达, 刘昊然, 都桂宇, 索朗美淇, 于海, 熊欣欣, 白泽泽", 中国大陆
唐人街探案3,02/12/2021,5.5,"喜剧, 悬疑",陈思诚,"王宝强, 刘昊然, 妻夫木聪, 托尼·贾, 长泽雅美, 染谷将太, 铃木保奈美, 浅野忠信, 三浦友和, 尚语贤, 肖央, 张子枫, 邱泽, 张钧甯, 马伯骞, 程潇, 陈哲远, 李明轩, 崔雨鑫, 张一白, 文咏珊, 张熙然, 克拉拉, 树林伸, 刘德华, 陈思诚, 平山日和, 奥田瑛二, 六平直政, 酒向芳, 秋山成勋, 桥本爱实, 长井短, 宇治清高, 张国强, 大鹏, 陈祉希, 林沐然", 中国大陆 / 中国香港 / 日本
刺杀小说家,02/12/2021,6.8,"动作, 奇幻, 冒险",路阳,"雷佳音, 杨幂, 董子健, 于和伟, 郭京飞, 佟丽娅, 董洁, 王圣迪, 杨轶, 刘天佐, 李柄辉, 萧子墨, 双雪涛, 徐建", 中国大陆
你好,02/12/2021,8.0,"剧情, 喜剧, 奇幻",贾玲,"贾玲, 张小斐, 沈腾, 陈赫, 刘佳, 丁嘉丽, 王琳, 杜源, 何翯, 何欢, 韩云云, 包文婧, 葛珊珊, 史策, 黄小猫, 许君聪, 卜钰, 刘宏禄, 魏翔, 孙集斌, 泰维, 郭宇鹏, 朱天福, 王宇, 冯巩, 乔杉, 王小利, 宋晓峰, 董若溪, 曹贺军, 赵婷婷, 姬晴, 郭祥鹏, 李一峰, 潘斌龙", 中国大陆
人潮汹涌,02/12/2021,6.9,"喜剧, 犯罪",饶晓志,"刘德华, 肖央, 万茜, 程怡, 黄小蕾, 国义骞, 狄志杰, 郭京飞, 刘天佐, 路阳, 郭帆, 刘浩良, 饶晓志, 雷佳音, 史航, 魏之皓, 王学兵, 林海, 隋凯, 卫莱", 中国大陆 / 中国香港
哥斯拉大战金刚 ,03/26/2021,6.4,"动作, 科幻, 冒险",亚当·温加德,"亚历山大·斯卡斯加德, 米莉·波比, 布朗, 丽贝卡·豪尔, 凯莉·霍特尔, 布莱恩·泰里, 亨利, 小栗旬, 艾莎·冈萨雷斯, 朱利安·迪尼森, 兰斯·莱迪克, 凯尔·钱德勒, 德米安·比齐尔, 哈基姆·凯, 卡西姆, 钱信伊, 约翰·皮鲁切洛, 克里斯·乔克, 康兰·卡萨尔, 布拉德·麦克默里, 本杰明·里格比, 普里西拉·道伊西, 戴维·卡斯蒂洛, 吉姆·帕尔默, 柯蒂斯·布什, 皮拉·福德, 爱丽丝·兰斯伯里, 肖恩·麦克布莱德, 乔尔·皮尔斯, 乔恩·奎斯蒂德, 塔斯尼姆·罗克, 艾梅伯·瓦尔斯, 迪索·拉莫斯", 美国 / 澳大利亚 / 加拿大 / 印度
蛛丝马迹 ,01/29/2021,6.5,"剧情, 惊悚, 犯罪","约翰·李, 汉考克","丹泽尔·华盛顿, 拉米·马雷克, 杰瑞德·莱托, 克里斯·鲍尔, 迈克尔·凯悦, 特里·金尼, 娜塔丽·莫瑞丝, 伊莎贝尔·阿雷扎, 乔利斯·贾斯基, 格伦·莫肖尔, 苏菲亚·威希涅瓦, 杰森·詹姆斯, 里希特, 约翰·哈伦, 金, 弗雷德里克·凯勒, 朱迪斯·斯科特, 玛雅·卡赞, 奥利维亚·华盛顿, 基夫·范登, 霍伊维尔, 唐宁, 托马斯·克劳福德, 利纳拉·华盛顿, 杰夫·科贝特, 斯蒂芬妮·埃尔布, 萨曼莎·科尔米耶, 李·加林顿, 迪米特·, 马里诺夫, 朱莉娅·维拉, 杰克·托帕利安, 查理·塞斯顿, 埃姆利·贝赫什蒂, 汉克·诺思罗普, 亚当·哈林顿, 凯莉·奥马利", 美国
大侠卢小鱼之夕阳红战队,01/21/2021,6.2,喜剧,卢正雨,"卢正雨, 蔡文静, 杨晴瑄, 岳跃利, 范薇, 王滋润, 周卫星, 叶峰, 森·安徒生, 王冠, 单林林, 宫寿林, 包蕾, 吴建铮, 胡笑源, 邓紫飞, 郄意, 刁彪, 程凡, 王瀚, 周维克, 白晶晶, 陶亚军", 中国大陆
酒精计划 ,09/12/2020,7.6,"剧情, 喜剧",托马斯·温特伯格,"麦斯·米科尔森, 托玛斯·博, 拉森, 马格努斯·米兰, 拉斯·兰特, 玛利亚·邦妮薇, 海伦娜·赖因科德, 纳曼, 苏西·沃德, 艾伯特·鲁德贝克, 林哈特, 弗莱德瑞克·温瑟, 拉斯穆森, 多尔特·回斯特德, 莫滕·桑博, 奥勒·杜邦, 比尔·克林顿, 列昂尼德·伊里奇, 勃列日涅夫, 让, 克洛德·容克, 安格拉·默克尔, 欧尔班·维克托, 尼古拉·萨科齐, 鲍里斯·尼古拉耶维奇, 叶利钦", 丹麦 / 瑞典 / 荷兰
旺达幻视 ,01/15/2021,9.0,"剧情, 科幻",马特·沙克曼,"伊丽莎白·奥尔森, 保罗·贝坦尼, 凯瑟琳·哈恩, 泰柔娜·派丽丝, 凯特·戴琳斯, 埃文·彼得斯, 兰道尔·朴, 茱莲妮·普迪, 艾玛·考尔菲德, 格蕾·德丽斯勒, 阿西夫·阿里, 黛布拉·乔, 拉普, 大卫·伦格尔, 弗雷德·迈拉麦德, 安东尼·莫利纳利, 赛琳娜·安杜兹", 美国
女人的碎片 ,09/05/2020,7.7,剧情,凯内尔·穆德卢佐,"凡妮莎·柯比, 希亚·拉博夫, 艾伦·伯斯汀, 埃莱扎·施莱辛格, 本·萨弗迪, 莎拉·斯努克, 莫莉·帕克, 史蒂文·麦卡锡, 蒂龙·本斯金, 弗兰克·萧宾, 哈里·斯坦德乔夫斯基, 多梅尼克·迪罗萨, 吉米·费尔斯, 朱丽叶特·卡萨格兰德, 盖尔·加芬克尔, 肖恩·塔克, 埃里克·戴维斯", 加拿大 / 匈牙利 / 美国
无依之地 ,09/11/2020,8.3,剧情,赵婷,"弗兰西斯·麦克多蒙德, 大卫·斯特雷泽恩, 德里克·贾尼斯, 泰·斯特雷泽恩, 卡特·克利福德, 彼得·斯皮尔斯, 盖伊·德福雷斯特, 帕特里夏·格里尔, 琳达·梅, 安吉拉·雷耶斯, 卡尔·, 休斯, 道格拉斯·, 苏尔, 瑞安·阿基诺, 特蕾莎·布坎南, 凯莉·林恩, 麦克德莫特·怀尔德, 布兰迪·威尔伯, 马克西·埃切维里, 鲍勃·威尔斯, 安妮特·威尔斯, 瑞秋·班农, 夏琳·斯旺基", 美国 / 德国
2020去死 ,12/27/2020,7.2,喜剧,阿尔·坎贝尔,"塞缪尔·杰克逊, 休·格兰特, 丽莎·库卓, 库梅尔·南贾尼, 崔茜·尤玛, 萨姆森·卡约, 莱斯莉·琼斯, 戴安·摩根, 克里斯汀·米利欧缇, 乔·基瑞, 劳伦斯·菲什伯恩, 莉莉·沙利文, 查理·布鲁克", 美国
送你一朵小红花,12/31/2020,7.4,剧情,韩延,"易烊千玺, 刘浩存, 朱媛媛, 高亚麟, 夏雨, 岳云鹏, 陈祉希, 李晓川, 孔琳, 吴晓亮, 张绍刚, 孙强, 安笑歌, 李增辉, 姚未平, 张浩天, 柴陆", 中国大陆
温暖的抱抱,12/31/2020,5.5,喜剧,常远,"常远, 李沁, 沈腾, 乔杉, 马丽, 艾伦, 田雨, 王智, 魏翔, 王宁, 黄才伦, 张一鸣, 王成思, 张子栋, 陈昊明, 吴莫愁", 中国大陆
心灵奇旅 ,12/25/2020,8.8,"动画, 音乐, 奇幻","彼特·道格特, 凯普·鲍尔斯","杰米·福克斯, 蒂娜·菲, 菲利西亚·拉斯海德, 阿米尔, 卡利布·汤普森, 戴维德·迪格斯, 格拉汉姆·诺顿, 瑞切尔·豪斯, 艾莉丝·布拉加, 理查德·艾欧阿德, 唐尼尔·罗林斯, 安吉拉·贝塞特, 马戈·霍尔, 罗德莎·琼斯, 韦斯·斯塔迪, 沙基纳·贾弗里, 福琼·费姆斯特, 卡鲁姆·格兰特, 泽诺比娅·谢罗夫, 朱恩·斯奎布, 凯茜·卡瓦蒂妮, 罗纳尔多·德尔, 卡门, 杰森·佩斯, 科拉·尚波米耶", 美国
拆弹专家2,12/24/2020,7.6,"动作, 犯罪",邱礼涛,"刘德华, 刘青云, 倪妮, 谢君豪, 姜皓文, 吴卓羲, 马浴柯, 黄德斌, 郑子诚, 洪天明, 袁富华, 刘浩龙, 凌文龙, 赵永洪, 蔡瀚亿, 张竣杰, 张扬", 中国大陆 / 中国香港
刻在你心底的名字,09/30/2020,7.2,"剧情, 同性",柳广辉,"陈昊森, 曾敬骅, 邵奕玫, 戴立忍, 王识贤, 法比欧, 魏如萱, 曲献平, 杨杰宇, 林晖闵, 邱治澔, 王彩桦, 黄良, 吴承洋, 黎安, 邱昊奇, 林志儒, 苏达, 洪胜德, 陈文彬, 陈怡叡, 龙劭华, 马念先, 张皓明, 高山峰, 瞿友宁, 让·弗朗索瓦, 布兰查德", 中国台湾
紧急救援,12/18/2020,6.1,"动作, 灾难",林超贤,"彭于晏, 王彦霖, 辛芷蕾, 蓝盈莹, 王雨甜, 徐洋, 陈家乐, 李岷城, 张景祎, 李欣蕊, 郭晓东, 张国强, 魏大勋, 连凯", 中国大陆 / 中国香港
曼克 ,11/13/2020,7.4,"剧情, 传记",大卫·芬奇,"加里·奥德曼, 阿曼达·塞弗里德, 莉莉·柯林斯, 查尔斯·丹斯, 艾利斯·霍华德, 汤姆·派福瑞, 塔彭丝·米德尔顿, 汤姆·伯克, 杰米·麦克沙恩, 莱文·兰宾, 托比·莱昂纳德, 摩尔, 山姆·特劳顿, 约瑟夫·克罗斯, 艾维·约斯特, 亚当·沙皮罗, 费迪南德·金斯利, 保罗·福克斯, 娜塔莉·丹尼斯, 斯皮尔, 里克·帕斯夸隆, 保罗·卡拉夫特斯, 克里斯蒂安·普伦蒂斯, 约翰·李, 艾姆斯, 金斯顿·凡尔内斯, 克莱格·罗伯特, 扬, 贾可琳·贝瑟尼, 卡米尔·蒙哥马利, 克雷格·韦茨巴赫尔, 乔安妮·汤姆森, 达娜·林恩, 拜伦, 斯图瓦特·斯科尔顿, 克里斯蒂安·罗伯茨, 约翰·帕特里克, 舒拉克", 美国
电话 ,11/27/2020,7.6,"剧情, 悬疑, 惊悚",李聪贤,"朴信惠, 全钟瑞, 金成铃, 李艾, 李东辉, 朴浩山, 吴政世", 韩国
鬼灭之刃 剧场版 无限列车篇 ,10/16/2020,8.2,动画,外崎春雄,"花江夏树, 鬼头明里, 下野纮, 松冈祯丞, 日野聪, 平川大辅, 石田彰, 樱井孝宏, 小西克幸, 早见沙织, 铃村健一, 关智一, 杉田智和, 森川智之, 佐藤利奈, 三木真一郎, 桑岛法子, 本渡枫, 大地叶, 小原好美, 古贺葵, 小山力也, 丰口惠美, 榎木淳弥, 伊濑茉莉也, 笠间淳, 千本木彩花, 江口拓也, 山村响, 广濑裕也, 高桥伸也, 秋保佐永子, 仲村宗悟, 中惠光城", 日本
消失的情人节 ,09/18/2020,7.2,"喜剧, 爱情, 奇幻",陈玉勋,"刘冠廷, 李霈瑜, 黑嘉嘉, 周群达, 林美秀, 马志翔, 陈竹昇, 庄益增", 中国台湾
同步 ,09/07/2019,5.7,"科幻, 恐怖","贾斯汀·本森, 艾伦·穆尔黑德","詹米·多南, 安东尼·麦凯, 艾丽·艾恩奈兹, 小比尔·奥伯斯特, 马丁·巴特斯, 布拉德福德, 劳伦斯·特纳, 亚伦·格罗本, 亚当·, 耶安德", 美国
无声 ,10/15/2020,7.3,"惊悚, 犯罪",洪义正,"刘亚仁, 刘在明, 文胜雅, 林姜成, 李海云, 俞成柱, 金子英, 金汉娜", 韩国
后翼弃兵 ,10/23/2020,9.0,剧情,斯科特·弗兰克,"安雅·泰勒, 乔伊, 伊斯拉·约翰斯顿, 玛丽埃尔·海勒, 托马斯·布罗迪, 桑斯特, 马辛·多洛辛斯基, 雅各布·福琼, 劳埃德, 比尔·坎普, 马修·丹尼斯, 刘易斯, 罗素·丹尼斯, 刘易斯, 克洛伊·皮里, 摩西·英格拉姆, 哈利·米尔林, 多洛雷斯·卡波里, 贾妮娜·埃尔金, 帕特里克·肯尼迪, 克里丝蒂安·赛德尔, 阿克姆吉·恩迪福尼恩, 塞尔吉奥·齐奥, 丽贝卡·鲁特, 弗雷德里克·斯特罗门格, 索菲, 麦希拉, 威廉·霍尔伯格, 埃洛伊塞·韦伯, 约翰·施瓦布, 朱丽·帕德尔", 美国
曼达洛人 第二季 ,10/30/2020,9.4,"动作, 科幻, 冒险","乔恩·费儒, 布莱丝·达拉斯, 霍华德, 戴夫·菲洛尼, 瑞克·法穆易瓦, 卡尔·韦瑟斯, 佩顿·里德, 罗伯特·罗德里格兹","佩德罗·帕斯卡, 吉娜·卡拉诺, 卡尔·韦瑟斯, 吉安卡罗·埃斯波西托, 沃纳·赫尔佐格, 马克·哈米尔, 霍拉提奥·桑斯, 布伦丹·维恩, 奥米德·阿布塔西, 蒂莫西·奥利芬特, 布莱恩·波塞恩, 乔恩·费儒, 温明娜, 艾米莉·斯沃洛, 塔伊加·维迪提, 尼克·诺特, 多米尼克·培斯, 罗莎里奥·道森, 迈克尔·比恩, 比尔·伯尔, 特穆拉·莫里森, 凯缇·萨克霍夫, 茱莉亚·琼斯, 艾米·塞德丽丝, 杰克·坎纳瓦尔, 小马克·布恩", 美国
触礁 ,09/22/2020,6.6,"剧情, 喜剧, 冒险",索菲亚·科波拉,"比尔·默瑞, 拉什达·琼斯, 马龙·韦恩斯, 珍妮·斯蕾特, 杰西卡·亨维克, 芭芭拉·贝恩, 纳迪雅·达珍妮, 朱尔斯·威尔科克斯, 娜缇娅·蒂恩, 桃乐丝·麦卡锡, 南希·欧泽力", 美国
我和我的家乡,10/01/2020,7.2,"剧情, 喜剧","宁浩, 徐峥, 陈思诚, 闫非, 彭大魔, 邓超, 俞白眉","葛优, 黄渤, 范伟, 邓超, 沈腾, 张占义, 王宝强, 徐峥, 闫妮, 马丽, 刘敏涛, 刘昊然, 卢靖姗, 王子文, 魏翔, 章宇, 王砚辉, 张译, 王源, 张一鸣, 杨新鸣, 王迅, 于和伟, 苗阜, 辣目洋子, 张子贤, 董子健, 陶虹, 吴京, 韩彦博, 吕行, 佟丽娅, 李晨, 孙俪, 赵铁人, 郝云, 彭昱畅, 杨紫, 岳云鹏, 赵海燕, 岳小军, 王俊凯, 贾玲, 潘斌龙, 高睿菲儿, 陈数, 代乐乐, 黄才伦, 雷佳音, 梁超, 孙贵权, 韩昊霖, 岳红, 陶亮, 李易峰, 许猛, 郭帆, 卫莱, 栗坤, 薇娅, 李佳琦, 白泽泽", 中国大陆
一点就到家,10/04/2020,6.7,"剧情, 喜剧",许宏宇,"刘昊然, 彭昱畅, 尹昉, 谭卓, 张琪, 李佳琦, 西文, 陈瑞生", 中国大陆
急先锋,09/30/2020,4.6,动作,唐季礼,"成龙, 杨洋, 艾伦, 徐若晗, 母其弥雅, 朱正廷, 楼学贤, 郭芷妍, 埃亚德·胡拉尼, 杨建平, 周斌, 王延龙, 王驹, 唐季礼", 中国大陆
姜子牙,10/01/2020,6.7,"剧情, 动画, 奇幻","程腾, 李炜","郑希, 杨凝, 图特哈蒙, 阎么么, 季冠霖, 姜广涛", 中国大陆
神弃之地 ,09/16/2020,7.0,"剧情, 惊悚, 犯罪",安东尼奥·坎波斯,"汤姆·赫兰德, 罗伯特·帕丁森, 比尔·斯卡斯加德, 海莉·贝内特, 丽莉·吉欧, 哈利·米尔林, 塞巴斯蒂安·斯坦, 米娅·华希科沃斯卡, 伊莱扎·斯坎伦, 杰森·克拉克, 道格拉斯·霍奇斯, 德鲁·斯塔基, 吉文·夏普, 露西·浮士德, 艾比·格洛弗, 克里斯汀·格里菲斯, 亚当·弗里斯托, 大卫·马尔登那多, 莫甘娜·布里吉尔斯, 马克·杰弗里, 米勒, 迈克尔·哈丁, 唐纳德·雷, 波洛克, 格雷戈瑞·凯利, 科里·斯科特, 艾伦, 凯莱布·, 塔格德, 菲利普·德沃纳", 美国
夺冠,09/25/2020,7.3,"剧情, 运动",陈可辛,"巩俐, 黄渤, 吴刚, 彭昱畅, 白浪, 朱婷, 徐云丽, 张常宁, 姚迪, 林莉, 刘晓彤, 颜妮, 惠若琪, 丁霞, 袁心玥, 龚翔宇, 李现, 刘敏涛, 陈展, 罗慧, 毛雯, 李紫微, 李冬徐, 马雪纯, 刘畅, 刘贞宏, 凌敏, 李阳一, 刘晨曦", 中国大陆 / 中国香港
异星灾变 第一季 ,09/03/2020,8.1,"剧情, 科幻","雷德利·斯科特, 卢克·斯科特, 塞尔吉奥·米米卡, 戈赞, 亚历克斯·加巴西, 詹姆斯·哈维斯","阿曼达·科林, 崔维斯·费米尔, 阿布巴卡尔·萨利姆, 文塔·麦格拉斯, 尼芙·阿尔格, 马蒂亚斯·瓦雷拉, 费利克斯·杰米森, 伊桑·哈扎德, 乔丹·洛克伦, 阿西娅·沙阿, 王玮雯, 苏珊·丹福特, 珍娜·厄普顿, 柯斯莫·贾维斯, 史蒂夫·沃尔, 勃朗特·卡迈克尔, 布雷特·威廉姆斯, 克莱德·伯宁, 布兰登·默雷, 坦娅·范, 格拉恩, 乔·瓦兹", 美国
我想结束这一切 ,08/28/2020,7.3,"剧情, 惊悚",查理·考夫曼,"杰西·普莱蒙, 杰西·巴克利, 托妮·科莱特, 大卫·休里斯, 盖伊·博伊德, 哈德莉·罗宾逊, 格斯·伯尼, 艾比·奎因, 蔻碧·米纳菲, 安东尼·格拉索, 泰迪·库卢卡, 杰森·拉尔夫, 奥利弗·普莱特, 弗雷德里克·沃丁, 瑞恩·斯蒂尔", 美国
花木兰 ,09/11/2020,5.0,"动作, 冒险, 古装",妮琪·卡罗,"刘亦菲, 甄子丹, 巩俐, 李连杰, 李截, 安柚鑫, 马泰, 赵家玲, 郑佩佩, 温明娜, 曾晓童, 袁文忠, 唐辰瀛, 道阿·茂阿, 黄谷悦, 尼尔森·李, 李勋, 饶雪晶, 袁之正, 仁成外桥, 加里·扬, 邝泰恩, 乌特卡什·安邦德卡尔, 钱姆·艾希勒珀拉, 大卫·, 林, 詹森·郑", 美国 / 加拿大 / 中国香港
以家人之名,08/10/2020,6.9,"剧情, 家庭",丁梓光,"谭松韵, 宋威龙, 张新成, 涂松岩, 孙铱, 何瑞贤, 安戈, 苑冉, 张晞临, 杨童舒, 宋芳园, 郝文婷, 刘金龙, 王薇, 郁子阳, 胡宇, 崔尔康, 小葱花, 徐崴罗, 萧李臻瑱, 陈馨妍, 薛淑杰, 赵培琳, 王子瑜, 马杰, 赵刚, 潘婕, 周波, 陈笑含, 谢雨桐, 梅凌甄, 吴栩栩, 杨志玲, 何雪晴", 中国大陆
八佰,08/21/2020,7.6,"剧情, 历史, 战争",管虎,"王千源, 张译, 姜武, 黄志忠, 张俊一, 欧豪, 杜淳, 魏晨, 张宥浩, 唐艺昕, 李九霄, 李晨, 梁静, 侯勇, 辛柏青, 俞灏明, 刘晓庆, 姚晨, 郑恺, 余皑磊, 黄晓明, 徐嘉雯, 张承, 马精武, 胡晓光, 陆思宇, 白恩, 曹璐, 刘云龙, 杨嘉华, 中泉英雄, 高爽, 郑伟, 高冬平, 黄米依, 曹卫宇, 宋洋, 徐乐同, 徐幸", 中国大陆
北平会馆,08/21/2020,2.4,"悬疑, 恐怖",李路,"吴大可, 朱梓瑜, 刘亦彤, 上淇, 杜东, 彭朝辉, 段志峰, 周岳龙, 曹艺", 中国大陆
,06/24/2020,5.7,"动作, 惊悚, 灾难",赵一亨,"刘亚仁, 朴信惠, 李铉旭, 全裴修, 苏熙静, 金丹菲, 乔汉俊", 韩国
釜山行2,07/15/2020,5.1,"动作, 惊悚, 恐怖",延尚昊,"姜栋元, 李贞贤, 权海骁, 李来, 金敏载, 具教焕, 金度允, 李艺媛, 张素妍, 文宇振, 丹尼尔·乔伊, 奥尔布赖特", 韩国
汉密尔顿 ,07/03/2020,9.5,"歌舞, 历史",托马斯·凯尔,"林, 曼努尔·米兰达, 小莱斯利·奥多姆, 戴维德·迪格斯, 芮妮·戈兹贝里, 菲莉帕·苏, 乔纳森·格罗夫, 克里斯·杰克逊, 雅斯曼·塞斯, 琼斯, 奥基里特·奥诺多瓦, 安东尼·拉莫斯, 卡利·贝蒂奥尔, 阿丽亚娜·德博斯, 霍普·伊斯特布鲁克, 西德尼·詹姆斯, 哈考特, 萨莎·赫金斯, 伊弗雷姆·赛克斯", 美国
永生守卫 ,07/10/2020,6.3,"动作, 奇幻","吉娜·普林斯, 拜斯伍德","查理兹·塞隆, 琪琪·莱恩, 马提亚斯·修奈尔, 马尔万·肯扎里, 卢卡·马里内利, 切瓦特·埃加福, 哈利·米尔林, 吴青芸, 娜塔莎·卡拉姆, 梅特·托利, 安娜玛丽亚·玛琳卡, 迈克尔·沃德, 莎拉·尼克斯, 马吉德·埃塞迪, 乔伊·安沙, 安德瑞扎亚茨, 奥利维亚·罗斯, 奥兰多·希尔, 西蒙·钱德勒, 拉塞尔·巴洛格, 亚当·柯林斯, 通恰伊·古奈什, 豪尔赫·莱昂, 马丁内斯, 马汀·麦格, 吉米·斯达", 美国
隐秘的角落,06/16/2020,8.9,"剧情, 悬疑, 犯罪",辛爽,"秦昊, 王景春, 荣梓杉, 史彭元, 王圣迪, 张颂文, 刘琳, 芦芳生, 李梦, 黄米依, 李俊霆, 穆丽燕, 林鹏, 陈朵怡, 赵晖, 刘妍, 任洛敏, 刘晨霞", 中国大陆
暗黑 第三季 ,06/27/2020,9.3,"科幻, 悬疑","巴伦·博, 欧达尔","路易斯·霍夫曼, 卡罗莉内·艾希霍恩, 玛雅·舍内, 丽莎·维卡里, 耶迪斯·特里贝尔, 斯蒂芬·坎普沃斯, 安德烈亚斯·皮奇曼, 莫里茨·杰恩, 保罗·勒克斯, 奥利弗·马苏奇, 克里斯蒂安·哈切森, 吉娜·斯蒂比茨, 黛博拉·考夫曼, 卡洛塔·凡, 法尔肯海因, 克里斯蒂安·斯泰尔, 芭芭拉·纽塞, 马克·瓦斯科, 妮娜·克龙耶格尔, 桑德拉·伯格曼, 达恩·伦纳德, 利布伦茨, 沃尔夫拉姆·科赫, 卡莉娜·, 维斯, 迪特里希·霍林德布穆尔, 艾拉·李, 安妮·拉特, 波利, 马西米兰·迪尔, 塞巴斯蒂安·鲁道夫, 莱娜·乌泽多夫斯基, 克里斯蒂安·佩措尔德, 马克斯·施梅尔普芬尼希", 德国
誓血五人组 ,06/12/2020,6.1,"剧情, 战争",斯派克·李,"德尔罗伊·林多, 乔纳森·梅杰斯, 克拉克·彼得斯, 诺姆·刘易斯, 小伊塞亚·维特洛克, 梅兰尼·蒂埃里, 保罗·沃尔特, 豪泽, 加斯帕·帕科农, 阮明智, 兰, 阮·拉姆, 桑迪·范佩, 让·雷诺, 查德维克·博斯曼, 吴青芸, 阮英俊, 德文·鲁默, 亚历山大·威特斯", 美国
亲爱的没想到吧,06/02/2020,7.6,"喜剧, 爱情, 短片",曲荣达,"高海宝, 李海银, 郝瀚, 金春花, 许吴彬, 赵一霖", 中国大陆
普罗米修斯 ,09/02/2012,7.5,"科幻, 惊悚, 冒险",雷德利·斯科特,"劳米·拉佩斯, 迈克尔·法斯宾德, 查理兹·塞隆, 伊德里斯·艾尔巴, 盖·皮尔斯, 罗根·马歇尔, 格林, 西恩·哈里斯, 拉菲·斯波, 埃蒙·埃利奥特, 本尼迪克特·王, 凯特·迪基, 帕特里克·威尔森, 露西·哈钦森", 美国 / 英国
真心半解 ,05/01/2020,8.0,"喜剧, 爱情, 同性",伍思薇,"莉娅·刘易斯, 丹尼尔·迪默, 艾丽克西斯·勒梅尔, 沃尔夫冈·诺沃格拉茨, 邹兆龙, 贝琦·安, 贝克, 恩里克·穆西安诺, 麦金太尔·狄克逊, 凯瑟琳·科廷, 亚历克·廷彻, 邦妮·弗兰纳里, 泰勒·克罗泽, 斯潘塞·沃瓦克, 帕特里克·约翰逊, 加比·萨默斯, 亚历山卓·巴格特, 马克·德巴格, 乔纳·福尔肯", 美国
蜂鸟 ,10/06/2018,7.9,剧情,金宝拉,"朴持厚, 金玺碧, 郑仁基, 李胜妍, 朴秀妍, 薛惠茵", 韩国
惊天营救 ,04/24/2020,7.1,"动作, 惊悚, 犯罪",山姆·哈格雷夫,"克里斯·海姆斯沃斯, 大卫·哈伯, 格什菲·法拉哈尼, 兰迪普·弘达, 克里斯·贾伊, 阿历克斯, 潘卡·特里帕蒂, 马克·多纳托, 海斯·威尔弗德, 拉亚·坎普贝尔", 美国
从不,01/24/2020,7.6,剧情,伊丽莎·希特曼,"茜德尼·弗拉尼根, 塔莉娅·莱德, 西奥多·佩尔兰, 瑞安·艾戈尔德, 莎伦·凡, 艾腾, 德鲁·塞尔策", 美国 / 英国
悲惨世界 ,05/15/2019,8.1,"剧情, 犯罪",拉吉·利,"达米安·勃纳尔, 亚历克西斯·曼蒂, 贾布里勒·宗加, 伊萨·佩里卡, 阿尔, 哈桑·利, 史蒂夫·蒂英楚, 阿尔玛梅·卡诺特, 尼扎·本, 菲特玛, 让娜·巴利巴尔, 亚历山大·皮科特, 罗曼·加夫拉斯", 法国
环形物语 ,04/03/2020,8.5,"剧情, 科幻","马克·罗曼尼克, 金素英, 迪尔巴拉·沃尔什, 安德鲁·斯坦顿, 蒂姆·米兰特斯, 查理·麦克道威尔, 缇·威斯特, 朱迪·福斯特","丽贝卡·豪尔, 邓肯·乔伊纳, 丹尼尔·祖尔格哈德利, 乔纳森·普雷斯, 保罗·施耐德, 泰勒·巴恩哈特, 艾比·莱德, 弗特森, 妮科尔·洛, 丹尼尔·姜, 雷雪莲, 简·亚历山大, 丹·巴克达尔, 劳伦·维德曼, 奥托·艾森度, 洪·科塔哈雷纳, 布莱恩·梅拉德, 恩杰伊·安东尼, 多米尼克·瑞恩斯, 罗杰·克罗恩, 斯蒂凡尼·埃斯特斯, 什恩·卡鲁斯, 埃里克·阿塔瓦尔, 埃内斯托·格里菲思, 乔迪·林恩, 托马斯", 美国
从宫本到你 ,09/27/2019,7.3,"剧情, 爱情",真利子哲也,"池松壮亮, 苍井优, 井浦新, 一之濑亘, 柄本时生, 星田英利, 古馆宽治, 佐藤二朗, 泷正则, 松山研一, 新井英树", 日本
狩猎 ,03/13/2020,7.3,"动作, 惊悚",克雷格·卓贝,"贝蒂·吉尔平, 希拉里·斯万克, 艾玛·罗伯茨, 贾斯汀·哈特雷, 伊克·巴里霍尔兹, 格伦·豪尔顿, 埃米·马迪根, 梅肯·布莱尔, 特瑞·韦伯, 斯蒂芬·考特尔, 韦恩·杜瓦尔, 麦肯泽, 里德·伯尼, 汉斯·马雷罗, 胡安·贾斯帕, 汉娜·艾琳, 吉姆·克洛克, 西尔维娅·格雷丝, 克里姆, 迪恩·, 韦斯特, 内德·尤瑟夫, 伊桑·苏普利", 美国 / 日本
饥饿站台 ,09/06/2019,7.8,"科幻, 惊悚","加尔德·加兹特鲁, 乌鲁蒂亚","伊万·马萨格, 佐里昂·伊圭里奥尔, 安东尼亚·圣胡安, 埃米利奥·布阿勒, 亚历山德拉·玛桑凯, 马里奥·帕尔多, 阿尔吉斯·阿洛斯卡斯, 米莉安·马丁", 西班牙
王国 第二季 ,03/13/2020,8.3,"剧情, 动作, 惊悚","金成勋, 朴仁载","朱智勋, 裴斗娜, 柳承龙, 金成圭, 全锡浩, 金相浩, 金惠濬, 许峻豪, 全智贤, 朴秉恩, 金太勋, 安宰弘", 美国 / 韩国
我控诉 ,08/30/2019,7.4,剧情,罗曼·波兰斯基,"让·杜雅尔丹, 路易·加瑞尔, 艾玛纽尔·塞尼耶, 格莱高利·嘉德波瓦, 埃尔韦·皮埃尔, 弗拉迪米尔·约尔丹诺夫, 迪迪埃·桑德尔, 梅尔维尔·珀波, 艾瑞克·拉夫, 马修·阿马立克, 劳伦特·斯托克, 文森特·佩雷斯, 米歇尔·维耶尔莫, 文森特·格拉斯, 德尼·波达利德斯, 达米安·勃纳尔, 劳伦特·纳忒拉, 卢卡·巴巴拉斯基, 穆罕默德·拉赫达尔, 哈米纳, 费利佩·曼吉安, 皮埃尔·福雷, 伯努瓦·阿尔曼, 安德烈·马尔孔, 皮埃尔·奥瑟达, 让, 玛丽·弗兰, 米歇尔·克莱门特, 皮埃尔·莱昂, 卢诺, 罗曼·波兰斯基", 法国 / 意大利
喋血战士 ,07/24/2020,5.6,"动作, 科幻",戴夫·威尔逊,"范·迪塞尔, 艾莎·冈萨雷斯, 萨姆·修汉, 托比·凯贝尔, 妲露拉·莱莉, 拉蒙尼·莫里斯, 盖·皮尔斯, 悉达尔斯·达南杰, 泰勒·迈尔, 亚历克斯·安洛斯, 克莱德·伯宁, 杰里米·博阿多, 塔梅尔·伯贾克, 亚历克斯·埃尔南德斯, 约翰内斯·豪克尔, 约翰内森, 帕特里克·克尔顿", 中国大陆 / 美国
格蕾特和韩塞尔 ,01/31/2020,5.4,"惊悚, 恐怖, 奇幻",奥兹·珀金斯,"索菲娅·莉莉丝, 艾丽丝·克里奇, 杰西卡·德, 古维, 查尔斯·巴巴洛拉, 塞缪尔·利基, 伊安·肯尼, 阿卜杜勒·阿尔沙瑞夫, 曼纽尔·庞波, 贝娅特丽克斯·帕金斯", 加拿大 / 爱尔兰 / 美国 / 南非
绅士们 ,12/03/2019,8.3,"喜剧, 动作, 犯罪",盖·里奇,"马修·麦康纳, 查理·汉纳姆, 休·格兰特, 亨利·戈尔丁, 米歇尔·道克瑞, 杰瑞米·斯特朗, 琳·勒内, 科林·法瑞尔, 汤姆·吴, 奇迪·阿朱福, 埃迪·马森, 杰森·王, 约翰·达格尔什, 乔丹·朗, 莉莉·弗雷泽, 萨缪尔·韦斯特, 杰拉丁·萨莫维尔, 可可·萨姆纳, 弗朗茨·德拉姆, 克里斯托弗·埃万格罗, 詹姆斯·沃伦, 汤姆·里斯哈里斯, 丹尼·格里芬, 马克斯·班内特, 尤金娜·库日敏娜, 布鲁斯·钟, 阿什利·马克圭尔, 乔治·阿斯普雷, 杰克·琼斯, 马文·坎贝尔, 莫里斯·李, 拉塞尔·巴洛格, 伊川东吾, 麦凯尔·戴维, 布列塔尼·阿什沃思, 妮科尔·亨布拉, 杰森·, 莱恩斯, 盖·里奇", 英国 / 美国
列夫·朗道,02/26/2020,6.3,剧情,"叶卡特琳娜·奥特尔, 伊利亚·赫尔扎诺夫斯基","娜塔利娅·别列日纳娅, 吕克·布热", 德国 / 乌克兰 / 英国 / 俄罗斯
隐形人 ,12/04/2020,7.2,"科幻, 惊悚, 恐怖",雷·沃纳尔,"伊丽莎白·莫斯, 奥利弗·杰森, 科恩, 阿尔迪斯·霍吉, 迈克尔·多曼, 斯托姆·瑞德, 本尼迪克·哈迪, 哈丽特·戴尔, 瑞妮·林, 布莱恩·米根, 薇薇安·格里尔, 尼古拉斯·霍普, 克利夫·威廉姆斯, 萨姆·史密斯, 扎拉·迈克尔斯, 纳许·埃哲顿, 安东尼·布兰登, 黄, 阿玛莉·沃德, 迈克尔·诺特", 加拿大 / 澳大利亚 / 美国
刺猬索尼克 ,07/31/2020,6.1,"喜剧, 动作, 动画, 冒险",杰夫·福勒,"詹姆斯·麦斯登, 金·凯瑞, 本·施瓦茨, 提卡·森普特, 娜塔莎·罗斯韦尔, 亚当·佩里, 李·马贾道布, 尼尔·麦克唐纳, 汤姆·巴特勒, 弗兰克·, 特纳, 梅洛德·诺西普, 尼曼, 珊农·陈, 肯特, 布拉德·凯利, 陆颖颐, 加里·切克, 迈克尔·霍根, 珍妮·克鲁蒂尔, 贝利·斯科德里, 杰夫·桑卡, 丽莎·钱德勒, 科琳·欧肖内希, 利安娜·拉普", 加拿大 / 日本 / 美国
想见你 ,11/17/2019,9.2,"爱情, 悬疑, 奇幻",黄天仁,"柯佳嬿, 许光汉, 施柏宇, 颜毓麟, 严艺文, 张翰, 林鹤轩, 郭文颐, 陈匡荣, 林子珊, 张毓晨, 曾之乔, 徐诣帆, 朱芷莹, 简廷芮, 梁洳瑄, 马惠珍, 连晨翔, 邱胜翊, 杨翘硕, 安伟, 黄鸿升, 章广辰", 中国台湾
第92届奥斯卡颁奖典礼 ,02/09/2020,7.7,"歌舞, 真人秀",格伦·维斯,"乔治·麦凯, 塔伊加·维迪提, 蒂莫西·柴勒梅德, 辛西娅·艾莉佛, 汤姆·汉克斯, 基努·里维斯, 莎姬·贝兹, 奥利维娅·科尔曼, 盖尔·加朵, 娜塔莉·波特曼, 布丽·拉尔森, 简·方达, 安东尼奥·班德拉斯, 希亚·拉博夫, 威尔·法瑞尔, 萨尔玛·海耶克, 拉米·马雷克, 伊迪娜·门泽尔, 奥斯卡·伊萨克, 乔什·加德, 佩内洛普·克鲁兹, 克里斯汀·韦格, 马赫沙拉·阿里, 西格妮·韦弗, 马克·鲁弗洛, 茱莉亚·路易斯, 德瑞弗斯, 比妮·费尔德斯坦, 蕾蓓尔·威尔森, 黛安·基顿, 林, 曼努尔·米兰达, 史蒂夫·马丁, 克丽丝·梅斯, 雷吉娜·金, 玛娅·鲁道夫, 加奈儿·梦奈, 敏迪·卡灵, 吴珊卓, 斯派克·李, 詹姆斯·柯登, 凯莉·玛丽, 陈, 雷·罗马诺, 克里斯·洛克, 扎克·高察根, 乌特卡什·安邦德卡尔, 安东尼·拉莫斯, 埃尔顿·约翰, 兰迪·纽曼, 塞尔希奥·巴勃罗斯, 松隆子, 埃米纳姆", 美国
猛禽小队和哈莉·奎茵 ,02/07/2020,5.8,"动作, 犯罪, 冒险",阎羽茜,"玛格特·罗比, 玛丽·伊丽莎白, 温斯特德, 罗茜·佩雷兹, 朱尼·斯莫利特, 伊万·麦克格雷格, 埃拉·杰伊, 巴斯科, 克里斯·梅西纳, 黄阿丽, 戴维·尤里, 萨拉·蒙特斯, 伊莎贝尔·帕克扎德, 丹尼尔·伯哈特, 帕洛马·拉比诺夫, 德里克·威尔逊, 乔·布卡罗三世, 弗朗克西斯·周, 布鲁诺·奥利弗, 马修·维利希, 杰里米·丹茨林格, 迈克尔·马西尼, 杰西·布什, 史蒂文·威廉姆斯, 夏洛林·阿莫亚, 罗伯特·卡特里尼, 埃迪·阿尔法诺, 普拉莫德·库马尔, 巴雷特, 西蒙·瑞, 凯莱布·斯比尔亚兹, 萨拉·贝克, 埃夫卡·科瓦拉西尤斯, 山姆·哈格雷夫, 丹尼斯·基弗, 博亚娜·诺瓦科维奇, 埃里克·迈克尔, 科尔, 提姆·里格比, 大卫·安东尼, 布廖内, 杰拉德·唐尼, 埃迪·, 费尔南德斯, 尼科·格莱瑟姆, 朱迪·凯恩, 杰夫·里帕瑞, 詹妮尔·麦基, 伊戈·米基塔斯, 安东尼·莫利纳利, 迪索·拉莫斯, 凯伦·特利哈", 美国
囧妈,01/25/2020,5.9,喜剧,徐峥,"徐峥, 黄梅莹, 袁泉, 郭京飞, 黄景瑜, 贾冰, 高以翔, 沈腾, 宋小宝, 黄渤, 欧丽娅, 陈奇, 吴云芳, 张建亚, 吴竞, 张芝华, 唐群, 徐玉兰, 徐幸, 陆燕芳, 张翠翠, 脑门额尔德尼, 朱莉娜, 刘泽星, 薛晴, 韩昊霖, 郑颖娴, 弗索夫·谢尔盖, 杨峥, 陶桃, 崔大笨, 潘启言, 王彬, 张勤, 黄梓凌, 杜凡昕之, 李顺怡, 阎虹宇, 刘子瑞, 谢尔比纳·甘纳, 斯莫林·伊凡, 张岩, 邵巨宝, 谢莱珍", 中国大陆
多力特的奇幻冒险 ,07/24/2020,5.9,"喜剧, 奇幻, 冒险",斯蒂芬·加汉,"小罗伯特·唐尼, 汤姆·赫兰德, 拉米·马雷克, 麦克·辛, 杰西·巴克利, 艾玛·汤普森, 拉尔夫·费因斯, 安东尼奥·班德拉斯, 玛丽昂·歌迪亚, 赛琳娜·戈麦斯, 约翰·塞纳, 卡门·艾乔戈, 库梅尔·南贾尼, 奥克塔维亚·斯宾瑟, 拉尔夫·伊内森, 吉姆·布劳德本特, 克雷格·罗宾森, 弗朗西斯·德, 拉·图瓦, 卡夏·斯穆特尼亚克, 奥利弗·库珀史密斯, 尼克·穆罕默德, 托尼娅·科妮斯, 萨克·霍兰, 纳西尔·贾玛, 贝恩·科拉科, 约瑟夫·巴德拉玛, 萨姆森·卡约, 史蒂芬·萨姆森, 塔希尔·布尔汉, 保罗·霍洛瓦蒂", 美国 / 中国大陆 / 英国
唐人街探案,01/01/2020,7.2,"悬疑, 惊悚, 犯罪","柯汶利, 戴墨, 姚文逸, 来牧宽","邱泽, 张钧甯, 王真儿, 陈哲远, 程潇, 张艺上, 张颂文, 张世, 邓恩熙, 陈雨锶, 马伯骞, 李明轩, 崔雨鑫, 高叶, 黄恺杰, 戴墨, 马浴柯, 张国柱, 张睿家, 黄健玮, 施名帅, 高英轩, 丁春诚, 王可元, 叶熙祺, 索朗美淇, 谢闻轩, 汪洋, 张经伟, 田宜峰, 王宝强, 刘昊然, 肖央, 尚语贤", 中国大陆
信条 ,09/04/2020,7.7,"剧情, 动作, 科幻",克里斯托弗·诺兰,"约翰·大卫, 华盛顿, 罗伯特·帕丁森, 伊丽莎白·德比茨基, 肯尼思·布拉纳, 亚伦·泰勒, 约翰逊, 迪宝·卡帕蒂娅, 克蕾曼丝·波西, 希米什·帕特尔, 安德鲁·霍华德, 尤里·科洛科利尼科夫, 迈克尔·凯恩, 马丁·唐文, 卡里娜·韦尔瓦, 乔纳森·坎普, 凯蒂·麦克凯布, 贝恩·科拉科, 安东尼·莫利纳利, 特伦特·布克斯顿, 英格丽·玛格斯, 瑞奇·切劳洛, 劳里·谢泼德, 马克·克雷尼克, 亚历克斯·威克索, 丹兹尔·史密斯, 马塞尔·萨巴特", 美国 / 英国
误杀,12/13/2019,7.6,"剧情, 悬疑, 犯罪",柯汶利,"肖央, 谭卓, 陈冲, 姜皓文, 秦沛, 边天扬, 许文姗, 张熙然, 施名帅, 黄健玮, 陈志朋", 中国大陆
1917,08/07/2020,8.5,"剧情, 战争",萨姆·门德斯,"乔治·麦凯, 迪恩·查尔斯, 查普曼, 科林·费尔斯, 本尼迪克特·康伯巴奇, 马克·斯特朗, 理查德·麦登, 安德鲁·斯科特, 丹尼尔·梅斯, 阿德里安·斯卡伯勒, 约翰·霍林沃思, 克里斯·瓦利, 杰米·帕克, 罗伯特, 马瑟, 贾斯汀·爱德华兹, 理查德·麦凯布, 理查德·德姆西, 安森·布恩, 雅各布·詹姆斯, 贝西克, 特蕾莎·马奥尼, 皮普·卡特, 保罗·廷托, 安迪·阿波罗, 约瑟夫·戴维斯, 比利·波斯特莱斯韦特, 加布里埃尔·阿库乌迪克, 斯派克·莱顿, 亚当·赫吉尔, 纳巴汉·里兹万, 克莱尔·迪比尔克, 乔纳·罗素, 迈克尔·吉普森, 格伦·霍威尔", 美国 / 英国 / 印度 / 西班牙 / 加拿大 / 中国大陆
朱迪 ,08/30/2019,7.5,"剧情, 爱情, 传记",鲁伯特·古尔德,"蕾妮·齐薇格, 贝拉·拉姆齐, 卢夫斯·塞维尔, 杰西·巴克利, 迈克尔·刚本, 勒温·劳埃德, 芬·维特洛克, 安迪·尼曼, 费奈拉·伍尔加, 罗伊斯·皮尔逊, 约翰·达格尔什, 菲尔·邓斯特, 露西·拉塞尔, 嘉玛, 莉亚·德弗罗, 菲利普·斯波, 蒂姆·埃亨, 宾利·卡鲁, 朱利安·费罗, 伊斯雷尔·鲁兹", 英国
理查德·朱维尔的哀歌 ,01/10/2020,8.2,"剧情, 传记, 犯罪",克林特·伊斯特伍德,"保罗·沃尔特, 豪泽, 山姆·洛克威尔, 凯西·贝茨, 奥利维亚·王尔德, 乔恩·哈姆, 妮娜·阿里安达, 伊恩·戈麦斯, 兰德尔·, 海文斯, 韦恩·杜瓦尔, 亚历克斯·柯林斯, 迈克·普涅夫斯基, 米切尔·霍格, 大卫·莫拉蒂, 比利·斯洛特, 迪伦·库斯曼, 肯德里克·克罗斯, 施奎塔·詹姆斯, 吉尔, 米歇尔·梅里恩, 大卫·安, 查尔斯·格林, 大卫·伦格尔, 马洛里·霍夫, 罗伯特·廷斯利, 约翰·盖蒂尔, 本杰明·韦弗, 德克斯特·蒂利什, 布兰登·斯坦利, 瑞安·博兹", 美国
纽约的一个雨天 ,,7.4,"喜剧, 爱情",伍迪·艾伦,"蒂莫西·柴勒梅德, 艾丽·范宁, 赛琳娜·戈麦斯, 裘德·洛, 迭戈·卢纳, 列维·施瑞博尔, 安娜莱吉·阿什福特, 丽贝卡·豪尔, 苏琪·沃特豪斯, 凯莉·罗尔巴赫, 切莉·琼斯, 葛瑞芬·纽曼, 凯瑟琳·利, 斯科特, 娜塔莎·罗曼诺娃, 维尔·罗杰斯, 雅各布·伯格, 克里斯·班克斯, 艾恩斯利·丹恩, 马科·查卡, 达里尔·鲁本, 霍尔, 泰勒·布莱克, 唐·斯蒂芬森", 美国
原钻 ,08/30/2019,7.2,"剧情, 犯罪","本·萨弗迪, 约书亚·萨弗迪","亚当·桑德勒, 茱莉娅·福克斯, 凯文·加内特, 威肯, 伊迪娜·门泽尔, 乔纳森·阿兰巴耶夫, 雅各布·伊吉尔斯基, 诺亚·费舍尔, 帕洛玛·艾尔瑟瑟, 勒凯斯·斯坦菲尔德, 埃里克·博高森, 基思·威廉姆斯, 理查兹, 汤米·科米尼克, 路易·安东尼, 阿里亚斯, 肖恩·林金, 贾德·赫希, 约翰·阿莫斯, 布莱斯·科里根, 罗比·德拉费勒, 安赫·道格, 迈克·弗朗西萨, 庞·克莱门捷夫, 娜塔莎·雷昂, 乔恩·内卡杰, 尼克·波托兰宁, 杰克·莱恩, 蒂尔达·斯文顿", 美国
灯塔 ,05/19/2019,7.2,"惊悚, 恐怖, 奇幻",罗伯特·艾格斯,"罗伯特·帕丁森, 威廉·达福, 瓦莱丽娅·卡拉曼, 洛根·霍克斯", 加拿大 / 美国 / 巴西
乔乔的异想世界 ,07/31/2020,8.4,"剧情, 喜剧, 战争",塔伊加·维迪提,"罗曼·格里芬, 戴维斯, 托马辛·麦肯齐, 斯嘉丽·约翰逊, 塔伊加·维迪提, 山姆·洛克威尔, 蕾蓓尔·威尔森, 阿尔菲·艾伦, 斯戴芬·莫昌特, 阿奇·耶茨, 卢克·布兰登, 菲尔德, 山姆·海加斯, 史丹斯拉夫·卡拉斯, 乔·温特劳布, 布莱恩·卡斯佩, 加布里埃尔·安德鲁斯, 罗伯特·伊斯特, 比利·雷纳, 克里斯蒂安·豪林斯, 吉尔比·格里芬, 戴维斯, 哈迪·格里芬, 戴维斯, 柯蒂斯·马修, 贝萨尼·亚当斯, 朱迪思·乔治, 维多利亚·霍根", 美国 / 捷克 / 新西兰
叶问4,12/20/2019,6.9,"剧情, 动作",叶伟信,"甄子丹, 吴樾, 吴建豪, 斯科特·阿金斯, 李宛妲, 郑则仕, 陈国坤, 敖嘉年, 高战, 叶禾, 熊黛林, 罗莽, 刘敬宇, 史蒂文·达兹", 中国大陆 / 中国香港
猫 ,12/20/2019,4.1,"音乐, 歌舞, 奇幻",汤姆·霍伯,"詹妮弗·哈德森, 泰勒·斯威夫特, 詹姆斯·柯登, 伊德里斯·艾尔巴, 朱迪·丹奇, 伊恩·麦克莱恩, 蕾蓓尔·威尔森, 雷·温斯顿, 劳伦·布尔乔亚, 劳里·戴维森, 梅特·托利, 拉瑞·布尔乔亚, 杰森·德鲁罗, 弗朗西丝卡·海沃德, 罗伯特·菲尔柴尔德, 齐齐·斯特伦", 美国
星球大战9,12/18/2019,6.3,"动作, 科幻, 冒险",艾布拉姆斯,"黛西·雷德利, 亚当·德赖弗, 奥斯卡·伊萨克, 约翰·博耶加, 马克·哈米尔, 凯丽·费雪, 比利·迪, 威廉姆斯, 伊恩·麦克迪阿梅德, 凯丽·拉塞尔, 哈里森·福特, 朱迪·科默, 比利·豪尔, 马特·史密斯, 露皮塔·尼永奥, 多姆纳尔·格里森, 凯莉·玛丽, 陈, 乔纳斯·索塔莫, 比莉·洛德, 安东尼·丹尼尔斯, 娜奥米·阿基, 理查德·, 格兰特, 多米尼克·莫纳汉, 格雷戈·格伦伯格, 艾德·希兰, 林, 曼努尔·米兰达", 美国
神奇女侠1984 ,12/18/2020,6.2,"动作, 奇幻, 冒险",派蒂·杰金斯,"盖尔·加朵, 克里斯·派恩, 克里斯汀·韦格, 佩德罗·帕斯卡, 康妮·尼尔森, 罗宾·怀特, 莉莉·阿斯佩尔, 加布瑞拉·王尔德, 杜晨·科洛斯, 琳达·卡特, 克里斯托弗·普拉哈, 里昂·贝克维思, 拉维·帕特尔, 娜塔莎·罗斯韦尔, 泰莎·波纳姆, 琼斯, 艾拉·沃克, 游朝敏, 谢恩·阿特沃尔, 艾德·伯奇, 帕特里克·利斯特, 奥克莉·布尔, 科莎·恩格勒, 小田部阿基, 康斯坦丁·格雷戈里, 文森·德, 保罗, 朱利安·费罗, 罗莎娜·沃尔斯, 丹尼·摩根, 克里斯·西尔科克, 伯纳多·桑托斯, 菲利普·菲尔玛, 尼克·欧文福特, 乔尔·莫里斯, 贾格·帕特尔, 温迪·阿尔比斯顿, 马诺伊·阿南德, 约翰·盖蒂尔, 佩内洛普·卡普迪雅, 莎拉·卢娜", 美国 / 英国 / 西班牙
黑寡妇 ,07/09/2021,None,"动作, 科幻, 冒险",凯特·绍特兰,"斯嘉丽·约翰逊, 弗洛伦丝·皮尤, 蕾切尔·薇兹, 大卫·哈伯, 威廉·赫特, 雷·温斯顿, 奥利维尔·里希特斯, 法格本, 艾尔·安德森, 米歇尔·李, 拉娜·布隆代尔, 维奥莱特·麦格劳, 赖恩·基拉, 阿姆斯特朗, 约恩·巴特勒, 乔治亚·柯蒂斯, 泰·赫尔利, 安得烈·拜伦, 乔基姆·斯卡利, 史蒂芬·萨姆森, 亚当·普里克特, 马里安·洛伦西克", 美国
婚姻故事 ,05/20/2020,8.6,"剧情, 爱情",诺亚·鲍姆巴赫,"斯嘉丽·约翰逊, 亚当·德赖弗, 劳拉·邓恩, 艾奇·罗伯逊, 梅里特·韦弗, 阿伦·阿尔达, 朱丽·哈基提, 雷·利奥塔, 马克·奥布莱恩, 华莱士·肖恩, 凯尔·柏海莫, 米奇·萨姆纳, 马修·马希尔, 罗伯特·斯密戈尔, 艾登·梅耶里, 布鲁克·布鲁姆, 玛莎·凯莉, 阿尔伯特·琼斯, 汉娜·邓恩, 桑德拉·罗斯科, 麦金利·贝尔彻, 戈登·格里克, 马修·希尔, 阿米尔·塔莱, 萨拉·琼斯, 文尼·希伯, 胡安·阿方索, 洛蕾塔·谢诺斯基, 滕德·艾德比佩, 雅斯曼·塞斯, 琼斯", 英国 / 美国
勇敢者游戏2,12/06/2019,6.0,"喜剧, 动作, 奇幻, 冒险",杰克·卡斯丹,"道恩·强森, 凯伦·吉兰, 杰克·布莱克, 凯文·哈特, 尼克·乔纳斯, 奥卡菲娜, 亚历克斯·沃尔夫, 丹尼·德维托, 摩根·特纳, 罗伊·麦克凯恩, 玛琳·辛科, 麦迪森·伊瑟曼, 科林·汉克斯, 丹妮亚·拉米雷兹, 瑞斯·达比, 丹尼·格洛弗, 瑟达吕斯·布兰, 尼克·戈麦斯, 布鲁诺·罗斯, 莎拉·贝纳尼, 查尔斯·格林, 迈克尔·比斯利, 保罗·皮尔斯伯里, 萨尔·隆戈巴尔多, 约翰·盖蒂尔", 美国
爱尔兰人 ,09/27/2019,8.8,"剧情, 传记, 犯罪",马丁·斯科塞斯,"罗伯特·德尼罗, 阿尔·帕西诺, 乔·佩西, 安娜·帕奎因, 杰西·普莱蒙, 哈威·凯特尔, 斯蒂芬·格拉汉姆, 鲍比·坎纳瓦尔, 杰克·休斯顿, 阿莱卡萨·帕拉迪诺, 凯瑟琳·纳杜奇, 多米尼克·隆巴多兹, 雷·罗马诺, 塞巴斯蒂安·马尼斯科, 杰克·霍夫曼, 保罗·本, 维克托, 斯蒂芬妮·库尔特祖巴, 莎伦·菲弗, 路易斯·坎瑟米, 茵迪亚·恩能加, 麦肯泽, 巴里·普赖默斯, 吉姆·诺顿, 盖里·巴萨拉巴, 玛格丽特·安妮, 佛罗伦斯, 约翰·斯库蒂, 约翰·塞纳迭姆博, 大卫·阿隆, 贝克, 桃乐丝·麦卡锡, 凯文·凯恩, 加里·帕斯托雷, 约瑟夫·罗素, 凯文·奥罗克, 娜塔莎·罗曼诺娃, 杰里米·卢克, 凯莉·, 威廉姆斯, 詹妮弗·马奇, 保罗·鲍格才, 蒂姆·内夫, 斯蒂芬·梅尔勒, 克雷格·文森特, 比利·史密斯, 布莱斯·科里根, 斯泰西·爱丽丝, 科恩, 吉诺·卡法雷利, 拉里·罗曼诺, 罗伯特·富纳罗, 维罗妮卡·阿利奇诺, 克劳黛特·拉利, 詹姆斯·洛林兹, 阿什莉·诺斯, 肯·斯拉迪克, 帕特里克·加洛", 美国
热带雨,09/08/2019,7.6,剧情,陈哲艺,"杨雁雁, 许家乐, 李铭顺, 杨世彬", 新加坡 / 中国台湾
两只老虎,11/29/2019,6.0,"剧情, 喜剧",李非,"葛优, 赵薇, 乔杉, 范伟, 闫妮, 潘斌龙, 王森, 田雨", 中国大陆
利刃出鞘 ,11/29/2019,8.2,"剧情, 喜剧, 悬疑, 犯罪",莱恩·约翰逊,"丹尼尔·克雷格, 安娜·德, 阿玛斯, 克里斯·埃文斯, 杰米·李, 柯蒂斯, 迈克尔·珊农, 唐·约翰逊, 托妮·科莱特, 勒凯斯·斯坦菲尔德, 克里斯托弗·普卢默, 凯瑟琳·兰福德, 杰登·马泰尔, 瑞琪·琳德赫姆, 艾迪·帕特森, 弗兰克·奥兹, 卡兰, 诺阿·西甘, 埃梅特·沃尔什, 玛琳娜·福特, 劳尔·卡斯提洛, 雪莉·罗德里格斯, 约瑟夫·高登, 莱维特, 加布里埃尔·洛莱斯", 美国
地久天长,03/22/2019,8.1,"剧情, 家庭",王小帅,"王景春, 咏梅, 齐溪, 王源, 杜江, 艾丽娅, 徐程, 李菁菁, 赵燕国彰", 中国大陆
冰雪奇缘2 ,11/22/2019,7.1,"喜剧, 动画, 歌舞, 冒险","克里斯·巴克, 珍妮弗·李","克里斯汀·贝尔, 伊迪娜·门泽尔, 乔什·加德, 乔纳森·格罗夫, 杰森·雷特, 埃文·蕾切尔, 伍德, 斯特林·, 布朗, 玛莎·普林顿, 圣蒂诺·方塔纳, 阿尔弗雷德·莫里纳, 瑞秋·马休斯", 美国
曼达洛人 第一季 ,11/12/2019,9.2,"科幻, 奇幻","黛博拉·周, 瑞克·法穆易瓦, 戴夫·菲洛尼, 布莱丝·达拉斯, 霍华德, 塔伊加·维迪提","佩德罗·帕斯卡, 泰特·弗莱彻, 吉娜·卡拉诺, 布伦丹·维恩, 沃纳·赫尔佐格, 卡尔·韦瑟斯, 奥米德·阿布塔西, 尼克·诺特, 艾米莉·斯沃洛, 塔伊加·维迪提, 约翰·比斯利, 霍拉提奥·桑斯, 瑞恩·沃森, 布莱恩·波塞恩, 阿西夫·阿里, 萨拉·贝克, 尤金·科德罗, 吉安卡罗·埃斯波西托, 利欧·哈克福德, 茱莉亚·琼斯, 多米尼克·培斯, 乔恩·费儒, 裘德·沃尔克, 马克·哈米尔", 美国
别告诉她 ,11/22/2019,7.3,"剧情, 家庭",王子逸,"奥卡菲娜, 马泰, 林晓杰, 赵淑珍, 卢红, 姜永波, 陈涵, 水原碧衣, 章静, 杨学建", 美国 / 中国大陆
极速车王 ,08/07/2020,8.6,"剧情, 传记, 运动",詹姆斯·曼高德,"马特·达蒙, 克里斯蒂安·贝尔, 乔什·卢卡斯, 乔·博恩瑟, 崔西·莱茨, 诺亚·尤佩, 玛丽萨·佩特罗, 凯特瑞娜·巴尔夫, 雷·迈克金农, 约翰·约瑟夫, 菲尔德, 华莱士·朗翰, 乔纳森·拉帕格里拉, 斯特凡, 鲁道夫·马丁, 拉奇兰·布坎南, 瓦德·霍尔顿, 肖恩·卡里甘, 克里斯托弗·达尔加, 亚当·梅菲尔德, 乔瓦尼·索罗菲瓦, 乔·威廉森, 本杰明·里格比, 杰克·麦克马伦, 保罗·福克斯, 雷莫·吉罗内, 德鲁·劳施, 朱利安·米勒, 艾拉姆·奥里安, 埃姆利·贝赫什蒂, 蒂芙妮·伊冯娜, 考克斯, 达林·库珀, 科拉多·因韦尔尼齐, 特洛伊·迪林格, 彼得·阿佩塞拉, 斯凯勒·马歇尔", 美国
受益人,11/08/2019,6.6,"剧情, 喜剧, 爱情",申奥,"大鹏, 柳岩, 张子贤, 张邵勃, 刘刚, 龙洁, 李欧, 陈卫, 潘高琼, 彭波, 陈小平, 陈小林, 李颖, 李小辉, 高冠铭, 苏娜, 胡渝, 王议伟, 许玲, 温佳仁, 龙祺, 杨常金, 董磊, 唐茜, 邓飞, 陈正华, 叶舟洋, 徐玉琨, 丁文博, 叶祥德, 罗乙稀, 李宜儒, 张家渝, 曹宇宙, 李迅, 尹大珍, 马昕墨, 张傲然, 刁羽, 李辉, 陶乙铭, 钱飞宁, 季子裕, 潘文佳, 李季, 李天然, 米罗, 孔江淮", 中国大陆
睡梦医生 ,10/30/2019,6.9,"剧情, 惊悚, 恐怖, 奇幻",迈克·弗拉纳根,"伊万·麦克格雷格, 丽贝卡·弗格森, 凯丽·卡伦, 雅各布·特伦布莱, 卡雷尔·斯特鲁基, 丹尼·劳埃德, 艾米丽·阿琳, 林德, 克利夫·柯蒂斯, 扎恩·迈克拉农, 切尔西·塔尔玛琪, 艾丽克斯·埃索, 布鲁斯·格林伍德, 乔赛琳·唐娜休, 卡尔·卢波利, 维奥莱特·麦格劳, 凯瑟琳·帕克, 罗伯特·朗斯特里特, 赛琳娜·安杜兹, 尼古拉斯·普罗约尔, 贝瑟妮·安妮, 林德, 查尔斯·格林, 扎克瑞·莫莫, 杰森·戴维斯, 胡安·贾斯帕, 路易斯·桑切斯", 美国 / 英国
决战中途岛 ,11/08/2019,7.7,"剧情, 历史, 战争",罗兰·艾默里奇,"艾德·斯克林, 帕特里克·威尔森, 伍迪·哈里森, 卢克·伊万斯, 丹尼斯·奎德, 曼迪·摩尔, 亚历山大·路德韦格, 艾伦·艾克哈特, 达伦·克里斯, 尼克·乔纳斯, 卢克·克莱恩坦克, 杰克·韦伯, 基恩·约翰逊, 浅野忠信, 大卫·休莱特, 马克·罗斯顿, 布雷南·布朗, 詹姆斯·卡佩内罗, 马修·麦考尔, 格雷格·霍瓦尼西安, 杰克·曼利, 杰弗里·布莱克, 瑞秋·佩雷尔, 佛斯基特, 卡梅伦·布罗德, 杰克博·布莱尔, 克里斯蒂·布鲁克, 国村隼, 泰勒·艾略特, 伯克, 丰川悦司, 艾梅伯·瓦尔斯, 莫妮卡·比卡罗娃, 托尼·克里斯托弗, 加雷特·佐藤, 罗伯特·克鲁克斯, 埃里克·戴维斯, 托马斯, 瓦利埃, 约翰·洛巴托, 迪索·拉莫斯, 肯尼·梁", 中国大陆 / 中国香港 / 加拿大 / 美国
闪灵 ,05/23/1980,8.3,"剧情, 悬疑, 恐怖",斯坦利·库布里克,"杰克·尼科尔森, 谢莉·杜瓦尔, 丹尼·劳埃德, 斯加特曼·克罗索斯, 巴瑞·尼尔森, 菲利普·斯通, 乔·托克尔, 安妮·杰克逊, 托尼·伯顿", 英国 / 美国
少年的你,10/25/2019,8.3,"剧情, 爱情, 犯罪",曾国祥,"周冬雨, 易烊千玺, 尹昉, 周也, 吴越, 黄觉, 张艺凡, 张耀, 张歆怡, 赵润南, 郜玄铭", 中国大陆 / 中国香港
终结者,11/01/2019,6.9,"动作, 科幻, 冒险",蒂姆·米勒,"麦肯兹·戴维斯, 娜塔利娅·雷耶斯, 琳达·汉密尔顿, 阿诺·施瓦辛格, 加布里埃尔·鲁纳, 迪耶戈·博内塔, 恩里克·阿尔切, 特里斯坦·乌罗阿, 艾丽西娅·博拉切罗, 布雷特·阿扎尔, 史蒂芬·克里, 罗谢尔·尼尔, 弗雷泽·杰姆斯, 克劳迪娅·特鲁希略, 比约恩·弗赖贝格, 约翰·盖蒂尔, 彼得·奥蒙德, 洛娜·布朗, 彼得·舒勒", 美国 / 西班牙 / 匈牙利
守望者 ,03/06/2009,8.5,"动作, 科幻, 悬疑",扎克·施奈德,"帕特里克·威尔森, 卡拉·古奇诺, 比利·克鲁德普, 玛琳·阿克曼, 杰弗里·迪恩, 摩根, 马修·古迪, 杰基·厄尔, 哈利, 马特·弗里沃, 史蒂芬·麦克哈蒂, 劳拉·门内尔, 詹姆斯·, 康纳", 美国
沉睡魔咒2 ,10/18/2019,6.1,"奇幻, 冒险",乔阿吉姆·罗恩尼,"安吉丽娜·朱莉, 艾丽·范宁, 米歇尔·菲佛, 萨姆·赖利, 哈里斯·迪金森, 艾德·斯克林, 切瓦特·埃加福, 朱诺·坦普尔, 艾美达·斯丹顿, 加绘·亚历山大, 莱丝利·曼维尔, 弗莱迪·怀斯, 詹·穆瑞, 石原贵雅, 大卫·吉亚西, 罗伯特·林赛, 朱迪斯·沙克妮, 伯纳多·桑托斯, 萨克·霍兰, 巴里·艾尔德, 耶斯·利奥丹, 拉塞尔·巴洛格, 拉亚·坎普贝尔, 斯嘉丽·格兰特, 汤姆·伯宁顿, 阿克塞尔·努, 特蕾莎·马奥尼, 约翰·卡鲁", 美国 / 英国
断裂 ,10/11/2019,6.8,惊悚,布拉德·安德森,"萨姆·沃辛顿, 莉莉·拉贝, 斯蒂芬·托布罗斯基, 阿卓艾·安多, 德里克·詹姆斯, 特拉普, 威尔·沃伊托维希, 埃里克·阿塔瓦尔, 克里斯·西格森, 埃内斯托·格里菲思, 查德·布鲁斯, 吉姆·科比, 洛丽·帕帕佐普洛斯", 美国
双子杀手 ,10/18/2019,6.9,"剧情, 动作, 科幻",李安,"威尔·史密斯, 玛丽·伊丽莎白, 温斯特德, 克莱夫·欧文, 本尼迪克特·王, 道格拉斯·霍奇斯, 拉尔夫·布朗, 琳达·伊蒙, 伊利亚·沃里克, 博尼拉, 维克多·雨果, 大卫·莫拉蒂, 西奥多拉·伍利, 亚历山德拉·苏奇, 费尔南达·多罗吉, 提姆·康纳利, 比约恩·弗赖贝格, 施奎塔·詹姆斯, 肯尼·谢尔德", 美国 / 中国大陆
我和我的祖国,09/30/2019,7.7,剧情,"陈凯歌, 张一白, 管虎, 薛晓路, 徐峥, 宁浩, 文牧野","黄渤, 张译, 韩昊霖, 杜江, 葛优, 刘昊然, 宋佳, 王千源, 任素汐, 吴京, 朱一龙, 王东, 陈飞宇, 佟丽娅, 欧豪, 张嘉益, 惠英红, 龚蓓苾, 田壮壮, 韩东君, 辛柏青, 周冬雨, 任达华, 江珊, 王砚辉, 耿乐, 姜武, 梁静, 佟大为, 魏晨, 胡军, 王天辰, 彭昱畅, 罗海琼, 郭丞, 周依然, 樊雨洁, 刘涛, 马伊琍, 张建亚, 徐峥, 王洛勇, 高亚麟, 王道铁, 程禹森, 马书良, 景海鹏, 陈冬, 雷佳音, 张子枫, 陶虹, 郭京飞, 袁文康, 贾晨飞, 邵汶, 张芝华, 段博文, 郎平", 中国大陆
续命之徒,10/11/2019,8.0,"剧情, 惊悚, 犯罪",文斯·吉里根,"亚伦·保尔, 乔纳森·班克斯, 马特·琼斯, 查尔斯·贝克, 托德·特里, 朱莉·珀尔, 格雷戈里·史蒂文, 索里兹, 拉里·哈金, 杰西·普莱蒙, 汤姆·鲍尔, 格洛里亚·桑多瓦尔, 泰丝·哈珀, 迈克尔·博夫舍维尔, 丹妮尔·托德斯科, 斯科特·麦克阿瑟, 斯科特·, 谢泼德, 玛拉·吉布斯, 罗伯特·福斯特, 布兰登·萨克斯顿, 戴维·马特, 凯文·兰金, 布莱恩·科兰斯顿, 约翰尼·奥蒂斯, 克里斯滕·里特", 美国
月影杀痕 ,09/21/2019,6.1,"科幻, 悬疑, 惊悚, 犯罪",吉姆·米可,"波伊德·霍布鲁克, 克利欧佩特拉·科尔曼, 博基姆·伍德拜因, 迈克尔·, 豪尔, 鲁迪·达马林加姆, 莎拉·杜格代尔, 瑞秋·凯勒, 托尼·纳波, 托尼·克雷格, 加布里埃尔·格雷厄姆, 默里·弗罗, 大卫·麦金尼斯, 德尔菲娜·鲁塞尔, 胡安·卡洛斯, 韦利斯, 泰德·麦克马洪, 爱德华·伦德尔, 妮卡·埃利奥特", 美国
蝙蝠侠,07/14/2008,9.2,"剧情, 动作, 科幻, 惊悚, 犯罪",克里斯托弗·诺兰,"克里斯蒂安·贝尔, 希斯·莱杰, 艾伦·艾克哈特, 迈克尔·凯恩, 玛吉·吉伦哈尔, 加里·奥德曼, 摩根·弗里曼, 莫尼克·加布里埃拉, 库尔内, 罗恩·迪恩, 基里安·墨菲, 黄经汉, 内斯特·卡博内尔, 埃里克·罗伯茨, 里特奇·科斯特, 安东尼·迈克尔, 豪尔, 基斯·斯扎拉巴基克, 柯林·麦克法兰, 约书亚·哈尔托, 美琳达·麦格劳, 内森·甘宝, 迈克尔·维约, 迈克尔·斯托扬诺夫, 威廉·斯米利, 丹尼·高德林, 迈克尔·加, 怀特, 马修·奥尼尔, 威廉·菲克纳, 欧鲁米基·欧拉乌米, 格雷格·比姆, 爱利克·赫尔曼, 毕崔斯·罗森, 文森佐·尼克力, 陈冠希", 美国 / 英国
第一滴血5,09/18/2019,7.5,"动作, 惊悚, 冒险",阿德里安·格鲁伯格,"西尔维斯特·史泰龙, 帕斯·贝加, 塞尔吉奥·佩里斯, 门切塔, 艾德里安娜·巴拉扎, 维特·蒙雷尔, 吉妮·金, 华金·科西奥, 帕斯卡西奥·洛佩斯, 奥斯卡·贾恩那达, 亚历山大·迪米特罗夫, 亚伦·科恩, 尼克·威特曼, 杰西卡·马德森, 路易·曼迪勒, 欧文·戴维斯, 阿塔纳斯·斯雷布雷夫, 乔治·曼切夫", 美国 / 西班牙 / 保加利亚
星际探索 ,12/05/2019,6.8,"科幻, 冒险",詹姆斯·格雷,"布拉德·皮特, 汤米·李, 琼斯, 丽芙·泰勒, 鲁丝·内伽, 唐纳德·萨瑟兰, 劳恩·迪恩, 唐尼·科沙瓦茨, 肖恩·布莱克默, 鲍比·内什, 丽莎盖伊·汉密尔顿, 约翰·芬, 约翰·奥提兹, 弗雷达·福斯, 沈, 凯拉·亚当斯, 拉维·卡普尔, 金伯莉·伊丽丝, 埃莉莎·佩里, 丹尼尔·萨乌利, 吉米·希尔兹, 库纳尔·杜德赫克, 格雷格·布瑞克, 艾莉森·瑞德, 萨沙·康佩尔, 娜塔莎·雷昂, 洛雷尔·伯德, 多夫曼, 哈尔茨卡·库扎, 希拉·, 洛克哈特, 马洛里·露, 安妮·麦克代尼尔斯, 珍·莫里洛, 罗切尔·罗斯, 瓦莱丽·罗斯", 美国 / 巴西 / 中国大陆
诛仙1 ,09/13/2019,4.5,"爱情, 奇幻, 古装",程小东,"肖战, 李沁, 孟美岐, 唐艺昕, 刘端端, 李燊, 代旭, 邱心志, 姜大卫, 陈孝萱, 徐少强, 叶童, 梁家仁, 包小松, 陈立唯, 熊欣欣, 李熙, 谢辰, 何政庭, 张智坤, 孟子荻, 马佳玛尧, 张本煜, 李昕岳, 翟玉博", 中国大陆
天气之子 ,11/01/2019,7.1,"爱情, 动画, 奇幻",新海诚,"醍醐虎汰朗, 森七菜, 小栗旬, 本田翼, 倍赏千惠子, 吉柳咲良, 平泉成, 梶裕贵, 木村良平, 柴田秀胜, 野泽雅子, 花泽香菜, 佐仓绫音", 日本
安娜 ,06/21/2019,7.8,"动作, 惊悚",吕克·贝松,"萨莎·露丝, 海伦·米伦, 卢克·伊万斯, 基里安·墨菲, 莱拉·阿波瓦, 亚历山大·佩特罗夫, 尼基塔·帕夫连科, 安娜·克里帕, 阿列克谢·马斯洛杜多夫, 艾力克·高敦, 伊凡·弗拉内克, 让·巴蒂斯特, 普奇, 阿德里安·坎恩, 艾莉森·惠勒, 安德鲁·霍华德, 詹·奥利弗, 施罗德, 谢尔盖·巴切乌尔斯基, 耶斯·利奥丹, 詹姆斯·乔因特, 雷吉尔·库迪乌, 扎克·安德里亚纳索洛, 保利妮·霍劳, 尼可洛·森尼, 伊戈尔·萨沃金, 特拉维斯·克舍琴, 埃文特·斯特朗, 克里斯多夫·泰克, 鲁伯特·韦恩, 詹姆斯, 大卫·科伯恩", 法国 / 美国 / 加拿大 / 俄罗斯
罗小黑战记,09/07/2019,8.2,"动作, 动画, 奇幻",木头,"山新, 郝祥海, 刘明月", 中国大陆
我们与恶的距离 ,03/24/2019,9.4,剧情,林君阳,"贾静雯, 温升豪, 吴慷仁, 周采诗, 陈妤, 洪胜德, 曾沛慈, 林哲熹, 施名帅, 林予晞, 检场, 谢琼煖, 刘越逖, 谢丽金, 巴戈, 萧瑶, 于卉乔, 王可元, 刘修甫, 葛蕾, 严艺文, 林雨宣", 中国台湾
小丑回魂2 ,09/06/2019,6.4,"剧情, 恐怖, 奇幻",安德斯·穆斯切蒂,"詹姆斯·麦卡沃伊, 杰西卡·查斯坦, 比尔·斯卡斯加德, 比尔·哈德尔, 索菲娅·莉莉丝, 杰克·迪伦, 格雷泽, 菲恩·伍法德, 杰登·马泰尔, 特洛伊·詹姆斯, 哈维尔·博泰特, 杰·瑞恩, 斯蒂芬·金, 杰克逊·罗伯特, 斯科特, 杰里米·雷, 泰勒, 泽维尔·多兰, 杰克·威利, 尼古拉斯·汉密尔顿, 杰丝·威克斯勒, 詹姆斯·兰索恩, 瓦耶特·奥莱夫, 欧文·泰格, 艾赛亚·穆斯塔法, 安迪·比恩, 蒂奇·格兰特, 泰勒·弗雷, 贾森·福克斯, 乔森·雅各布, 斯蒂夫·博加尔特, 洛根·汤普森, 杰克·辛, 维尔·贝布林克, 安东尼·尤埃西", 加拿大 / 美国
美国工厂 ,01/25/2019,8.3,纪录片,"史蒂文·博格纳尔, 朱莉娅·赖克特","曹德旺, 王河", 美国
小丑 ,08/31/2019,8.7,"剧情, 惊悚, 犯罪",托德·菲利普斯,"华金·菲尼克斯, 罗伯特·德尼罗, 马克·马龙, 莎姬·贝兹, 谢伊·惠格姆, 弗兰西丝·康罗伊, 布莱恩·考伦, 布莱恩·泰里, 亨利, 布莱特·卡伦, 道格拉斯·霍奇斯, 格伦·弗莱施勒, 比尔·坎普, 乔什·帕斯, 但丁·佩雷拉, 奥尔森, 玛丽·凯特, 马拉特, 迈克尔·本茨, 莎珑·华盛顿, 桑德拉·詹姆斯, 托尼·赫德, 曼德拉·贝拉米, 乔·奥克曼, 卡尔·伦德施泰特, 米克·奥罗克, 大卫·吉布森, 伊万·罗萨多, 安妮·比萨比亚, 布莱斯·科里根, 乔恩·道格拉斯, 雷尼, 艾恩斯利·丹恩, 杰森·约翰, 奇卡莱塞", 美国 / 加拿大
小欢喜,07/31/2019,8.3,"剧情, 家庭",汪俊,"黄磊, 海清, 陶虹, 王砚辉, 沙溢, 咏梅, 周奇, 李庚希, 郭子凡, 刘家祎, 任重, 吴施乐, 徐梵溪, 王栎鑫, 钟丽丽, 金丰, 白玉, 郭广平, 焦体怡, 杨青, 徐敏, 李野萍, 王晴, 杨雨婷, 冯晖, 金溪, 朱铁", 中国大陆
准备好了没 ,08/21/2019,6.7,"悬疑, 惊悚, 恐怖","马特·贝蒂内利, 奥尔平, 泰勒·吉勒特","萨玛拉·维文, 安迪·麦克道威尔, 马克·奥布莱恩, 亚当·布罗迪, 亨利·科泽尼, 妮基·瓜达尼, 梅兰妮·斯科洛凡诺, 克里斯蒂安·布鲁恩, 伊利斯·莱韦斯克, 约翰·拉尔斯顿, 达妮埃拉·巴博萨, 伊拉娜·盖尔, 安德鲁·安东尼", 加拿大 / 美国
天使陷落 ,12/31/2019,6.1,"动作, 惊悚, 犯罪","里克·罗曼, 沃夫","杰拉德·巴特勒, 费雷德里克·施密特, 丹尼·赫斯顿, 罗奇·威廉姆斯, 派珀·佩拉博, 兰斯·莱迪克, 奥利·普费弗, 摩根·弗里曼, 贾丝明·海德, 伊恩·波特, 迈克尔·兰德斯, 马克·阿诺德, 凯瑞·莎勒, 蒂姆·布雷克, 尼尔森, 斯图尔特·麦克奎里, 贾达·萍克, 史密斯, 约瑟夫·米尔森, 萨皮尔·阿苏拉, 布菲·戴维斯, 马克·史密斯, 马丁·贝尔曼, 格雷格·奥维斯, 克里斯·勃朗宁, 布伦丹·凯利, 海莉·毕晓普, 尼克·诺特, 安东尼奥·巴斯托夫, 乔治娅·古德曼, 米迦勒·博迪, 阿塔纳斯·斯雷布雷夫, 内森·库珀, 索菲娅·德尔, 皮佐, 保罗·布莱克维尔, 泰·赫尔利, 乔蕾·科斯, 布莱恩·拉金, 凯文·马塔迪恩, 劳拉·马塔沙, 贾格·帕特尔, 弗拉基米尔·普京, 黛博拉·洛克, 伯纳多·桑托斯, 阿图尔·夏尔马", 美国
好莱坞往事 ,05/21/2019,7.3,"剧情, 喜剧",昆汀·塔伦蒂诺,"莱昂纳多·迪卡普里奥, 布拉德·皮特, 玛格特·罗比, 埃米尔·赫斯基, 玛格丽特·库里, 蒂莫西·奥利芬特, 茱莉亚·巴特斯, 奥斯汀·巴特勒, 达科塔·范宁, 布鲁斯·邓恩, 麦克·莫, 卢克·贝里, 戴米恩·路易斯, 库尔特·拉塞尔, 阿尔·帕西诺, 玛雅·霍克, 西德妮·斯威尼, 哈莉·奎恩, 史密斯, 达蒙·海瑞曼, 凯特·贝兰特, 洛伦扎·伊佐, 迈克尔·马德森, 拉莫·威利斯, 斯科特·麦克纳里, 小克利夫顿·克林斯, 维多利亚·佩德雷蒂, 吕蓓卡·盖哈特, 佐伊·贝尔, 莱斯利·贝加, 瑞贝卡·瑞滕豪斯, 萨曼莎·罗宾森, 莉娜·邓纳姆, 德瑞玛·沃克, 克鲁·古拉格, 丹妮拉·皮克, 布伦达·瓦卡罗, 尼古拉斯·哈蒙德, 米奇·麦迪森, 詹姆斯·兰德里, 赫伯特, 妮可·加利西亚, 麦迪逊·贝蒂, 佩内洛普·卡普迪雅, 莫里斯·孔特, 科斯塔·罗宁, 卢·坦普尔, 斯宾塞·加雷特, 布丽安娜·乔伊, 乔默, 奥玛·杜姆, 娜塔莉·科恩, 拉法尔·扎维鲁查, 马尔科·罗德里格斯, 堪萨丝·宝琳, 维森特·拉雷斯卡, 殷巴尔·阿米拉夫, 拉蒙·弗兰克, 莫妮卡·斯塔吉丝, 克雷格·斯塔克, 大卫·斯廷, 朱丽叶·吉达, 埃迪·佩雷斯, 布蕾迪·拉多娜, 凯拉·拉多姆斯基, 布里安娜·温, 卡萝莱娜·瓦加斯, 加里·派怀特", 美国 / 英国 / 中国大陆
上海堡垒,08/09/2019,2.9,"爱情, 科幻, 战争",滕华涛,"鹿晗, 舒淇, 石凉, 高以翔, 王宫良, 王森, 孙嘉灵", 中国大陆
死寂逃亡 ,08/30/2019,5.3,恐怖,"约翰·, 莱昂耐迪","斯坦利·图齐, 琪兰·席普卡, 米兰达·奥图, 凯特·特罗特, 约翰·考伯特, 凯尔·布瑞特科夫, 邓普斯·布瑞克, 比利·麦克莱伦, 萨拉·阿伯特, 泰勒·拉芙", 德国 / 美国
黑袍纠察队 第一季 ,07/26/2019,8.6,"动作, 科幻, 犯罪","菲利浦·斯格里西亚, 丹尼尔·艾提奥斯, 艾力克·克莱普科, 詹妮弗·彭, 斯特凡·施瓦茨, 马特·沙克曼, 弗雷德·托耶, 丹·特拉亨伯格","卡尔·厄本, 艾琳·莫里亚蒂, 杰克·奎德, 安东尼·斯塔尔, 多米妮克·麦克艾丽戈特, 杰西·厄舍, 切斯·克劳福, 托默·卡蓬, 凯伦·福原, 内森·米切尔, 伊丽莎白·苏, 拉兹·阿隆索, 詹妮弗·艾斯波西多, 西蒙·佩吉, 肖恩·本森, 安·库萨克, 克里斯蒂安·凯耶斯, 杰丝·萨尔盖罗, 妮卡·埃利奥特, 阿历克斯·哈赛尔, 米什卡·特博, 乔丹娜·拉茹瓦, 马尔科姆·巴雷特, 布列塔尼·艾伦, 吉安卡罗·埃斯波西托, 尼古拉·科雷亚, 达姆得, 斯科特·汤普森, 贝克, 珊特尔·范圣滕, 大卫·安德鲁, 大卫·瑞勒, 布雷丹·贝塞尔, 约翰·道曼, 海利·乔, 奥斯蒙, 莱拉·罗宾斯, 比利·赞恩, 贾登·马丁, 保利诺·努内斯, 克里斯塔·巴科, 德什伊·帕达亚奇", 美国
烈火英雄,08/01/2019,6.5,"剧情, 灾难",陈国辉,"黄晓明, 杜江, 谭卓, 杨紫, 欧豪, 侯勇, 张哲瀚, 谷嘉诚, 印小天, 高戈, 许文广, 刘金山, 丁嘉丽", 中国大陆
速度与激情,08/23/2019,6.3,"动作, 犯罪",大卫·雷奇,"道恩·强森, 杰森·斯坦森, 伊德里斯·艾尔巴, 凡妮莎·柯比, 艾莎·冈萨雷斯, 海伦·米伦, 瑞恩·雷诺兹, 凯文·哈特, 埃迪·马森, 罗曼·雷恩斯, 斯蒂芬妮·沃格特, 维克托里娅·菲斯, 康兰·卡萨尔, 海伦娜·福尔摩斯, 伯纳多·桑托斯, 露丝·霍洛克斯, 大卫·穆梅尼, 马诺伊·阿南德, 阿玛尔·阿达蒂亚, 朱利安·费罗, 丹尼尔·厄根, 拉普洛斯·卡伦福佐斯, 阿克塞尔·努, 史蒂夫·莱温顿, 安东尼奥·曼奇诺, 斯特拉·斯托克尔, 克利夫·柯蒂斯", 美国 / 日本
哪吒之魔童降世,07/26/2019,8.4,"剧情, 喜剧, 动画, 奇幻",饺子,"吕艳婷, 囧森瑟夫, 瀚墨, 陈浩, 绿绮, 张珈铭, 杨卫", 中国大陆
跳舞吧,07/26/2019,5.0,"剧情, 喜剧, 歌舞",林育贤,"艾伦, 金春花, 彭杨, 宋楠惜, 静芳, 李泰延, 焦刚, 石悦安鑫, 王霏霏, 张信哲", 中国大陆
无主之城,07/24/2019,6.4,"悬疑, 冒险",赵天宇,"杜淳, 刘奕君, 许龄月, 代旭, 宁理, 陈雨锶", 中国大陆
银河补习班,07/18/2019,6.3,剧情,"邓超, 俞白眉","邓超, 白宇, 任素汐, 王西, 孙浠伦, 李建义, 梁超, 邵兵, 王戈, 吴亚衡, 魏尊, 冯泽昂, 吴京", 中国大陆
巨鳄风暴 ,09/12/2019,5.6,"剧情, 惊悚, 灾难",亚历山大·阿嘉,"卡雅·斯考达里奥, 巴里·佩珀, 罗斯·安德森, 安森·布恩, 乔治·索纳, 阿米, 梅特卡夫, 何塞, 帕尔马, 莫菲德·克拉克, 安娜玛丽亚·塞尔达, 萨凡纳·斯泰恩, 乔瓦娜·德拉加, 柯林·麦克法兰, 蒂娜, 普里比切维奇", 美国 / 塞尔维亚 / 加拿大
遗落战境 ,05/10/2013,7.0,"动作, 科幻, 冒险",约瑟夫·科辛斯基,"汤姆·克鲁斯, 摩根·弗里曼, 欧嘉·柯瑞兰寇, 尼古拉·科斯特, 瓦尔道, 佐伊·贝尔, 梅丽莎·里奥, 安德丽娅·赖斯伯勒", 美国
狮子王 ,07/12/2019,7.3,"剧情, 动画, 冒险",乔恩·费儒,"唐纳德·格洛弗, 阿尔法·伍达德, 詹姆斯·厄尔, 琼斯, 切瓦特·埃加福, 科甘, 迈克尔·凯, 塞斯·罗根, 比利·艾希纳, 碧昂丝, 埃里克·安德烈, 弗洛伦丝·卡松巴, 约翰·卡尼, 约翰·奥利弗, 艾米·塞德丽丝", 美国
寄生虫 ,05/21/2019,8.8,"剧情, 喜剧",奉俊昊,"宋康昊, 李善均, 曹如晶, 崔宇植, 朴素丹, 李姃垠, 张慧珍, 郑知晓, 朴明勋, 朴叙俊, 朴根禄, 郑贤俊, 朴孝新, 安德烈亚斯·弗龙克", 韩国
蜘蛛侠,06/28/2019,7.7,"动作, 科幻, 冒险",乔·沃茨,"汤姆·赫兰德, 赞达亚, 杰克·吉伦哈尔, 寇碧·史莫德斯, 塞缪尔·杰克逊, 乔恩·费儒, 玛丽莎·托梅, 雅各布·巴特朗, 安格瑞·赖斯, 马丁·斯塔尔, 瑞米·许, 纽曼·阿卡, 托尼·雷沃罗利, 斯穆夫, 赫米基·马德拉, 戴维娜·西塔拉姆, 约瑟夫·朗, 露丝·霍洛克斯, 希滕·珀泰尔, 杰罗恩·凡, 康宁斯伯格, 列尼斯·德洛桑托斯, 查利·蕾娅, 埃斯奎尔, 费斯·洛根, 西蒙斯, 小罗伯特·唐尼", 美国
玩具总动员4 ,06/21/2019,8.6,"喜剧, 动画, 奇幻",乔什·库雷,"汤姆·汉克斯, 蒂姆·艾伦, 安妮·波茨, 托尼·海尔, 科甘, 迈克尔·凯, 玛德琳·麦格劳, 克里斯蒂娜·亨德里克斯, 乔丹·皮尔, 基努·里维斯, 松村艾丽, 杰伊·埃尔南德斯, 罗里·艾伦, 琼·库萨克, 邦尼·亨特, 克里斯汀·沙尔, 华莱士·肖恩, 约翰·拉岑贝格, 布莱克·克拉克, 朱恩·斯奎布, 卡尔·韦瑟斯, 唐·里克斯, 杰夫·格尔林, 朱莉安娜·汉森, 爱丝黛儿·哈里斯, 劳里·梅特卡夫, 史蒂夫·波赛尔, 梅尔·布鲁克斯, 艾伦·欧朋海默, 卡罗尔·博内特, 贝蒂·怀特, 卡尔·雷纳, 比尔·哈德尔, 帕特丽夏·阿奎特, 提摩西·道尔顿, 弗利, 梅丽莎·维亚西诺尔, 杰夫·皮金, 约翰·莫里斯", 美国
痛苦与荣耀 ,03/13/2019,8.5,"剧情, 同性",佩德罗·阿莫多瓦,"安东尼奥·班德拉斯, 阿谢尔·埃特塞安迪亚, 莱昂纳多·斯巴拉格利亚, 诺拉·纳瓦斯, 胡丽叶塔·塞拉诺, 塞萨尔·文森特, 阿瑟·弗洛雷斯, 佩内洛普·克鲁兹, 塞西莉亚·罗特, 苏西·桑切斯, 劳尔·阿雷瓦洛, 佩德罗·卡萨布兰科, 朱利安·洛佩兹, 伊娃·马丁, 马里索尔·穆里尔, 阿古斯丁·阿莫多瓦, 沃伦·比蒂, 埃丝特·加西亚, 米娜, 玛丽莲·梦露, 娜塔莉·伍德", 西班牙 / 法国
春潮,05/17/2020,7.2,"剧情, 家庭",杨荔钠,"郝蕾, 金燕玲, 曲隽希, 李文波, 张紫淇, 韩佳娟, 赵阳, 李至强, 黄尚禾, 杨均柏, 吕冬梅, 王亚楠, 闫肃", 中国大陆
黑衣人,06/14/2019,5.6,"喜剧, 动作, 科幻",加里·格雷,"克里斯·海姆斯沃斯, 泰莎·汤普森, 丽贝卡·弗格森, 库梅尔·南贾尼, 拉菲·斯波, 艾玛·汤普森, 连姆·尼森, 戴维娜·西塔拉姆, 纳西尔·贾玛, 维克托里娅·菲斯, 佩内洛普·卡普迪雅, 斯蒂芬·怀特, 安纳托·陶布曼, 露丝·霍洛克斯, 贝恩·科拉科, 马西·哈里尔, 希滕·珀泰尔, 通恰伊·古奈什, 艾德里安·阿尔瓦拉多, 史蒂芬·萨姆森, 曼迪娅·弗罗里, 黄渤, 伊隆·马斯克", 美国
,06/06/2019,5.8,"动作, 科幻, 冒险",西蒙·金伯格,"苏菲·特纳, 詹姆斯·麦卡沃伊, 迈克尔·法斯宾德, 詹妮弗·劳伦斯, 尼古拉斯·霍尔特, 泰伊·谢里丹, 亚历山德拉·希普, 埃文·彼得斯, 柯蒂·斯密特, 麦菲, 杰西卡·查斯坦, 斯科特·, 谢泼德, 奥托·艾森度, 布莱恩·达西, 詹姆斯, 豪斯顿·塞奇, 拉马尔·约翰逊, 莎莫·芳塔娜, 汉娜·艾米莉, 安德森, 乔什·麦克拉伦, 凯伦·伊万尼, 拉斐尔·格罗斯, 哈维, 朱利安·拜利, 塞巴斯蒂安·麦克莱恩, 毛里齐奥·泰拉扎诺, 西蒙·阿兰, 克里斯·克雷蒙, 唐尼·法尔塞蒂, 布拉迪·艾伦, 安德鲁·斯特林, 科塔·埃伯哈特, 泰勒·艾略特, 伯克, 弗兰克·方丹, 艾伦·沙努安, 亚历山大·贝朗格, 奥利维耶·拉玛舒, 沙维尔·索特洛", 美国 / 加拿大
哥斯拉2,05/31/2019,6.3,"动作, 科幻, 冒险, 灾难",迈克尔·道赫蒂,"凯尔·钱德勒, 维拉·法米加, 米莉·波比, 布朗, 章子怡, 渡边谦, 布莱德利·惠特福德, 托马斯·米德蒂奇, 艾莎·辛德斯, 莎莉·霍金斯, 查尔斯·丹斯, 大卫·斯特雷泽恩, 小奥谢拉·杰克逊, 希·庞德, 安东尼·拉莫斯, 杰森·莱尔斯, 乔纳森·霍华德, 莱尔·布罗卡托, 兰德尔·, 海文斯, 马特恩, 吉米·冈萨雷斯, 萨莎·里翁达, 文斯·福斯特, 贾斯蒂斯·利克, 菲奥娜·哈丁汉姆, 露西·卡罗尔, 约书亚·利瑞, 艾伦·马克森, 肯尼斯·以色列, 阿尔·维森特, 塞西尔·, 亨利, 迈克尔·大卫, 育尔, 本杰明·韦弗, 卡梅伦·布鲁姆布罗, 帕蒂·舍尔哈斯, 理查德·多顿, 詹姆斯·斯特林, 麦克斯威尔·海史密斯, 贾斯汀·斯劳特, 肖恩·索斯, 马科·查卡, 蒂莫西·卡尔", 美国 / 日本 / 中国大陆 / 加拿大
疾速追杀3 ,05/17/2019,7.9,"动作, 惊悚, 犯罪",查德·斯塔赫斯基,"基努·里维斯, 哈莉·贝瑞, 劳伦斯·菲什伯恩, 安杰丽卡·休斯顿, 伊恩·麦柯肖恩, 马克·达卡斯考斯, 艾莎·凯特, 狄龙, 兰斯·莱迪克, 萨伊德·塔格马奥, 杰罗姆·弗林, 杰森·曼楚克斯, 托拜厄斯·西格尔, 博班·马里亚诺维奇, 罗宾·泰勒, 罗比·德拉费勒, 费斯·洛根, 雅彦·鲁伊安, 兰德尔·杜克, 金, 袁之正, 陈虎, 安东尼·帕迪利亚, 斯特凡尼娅·马卡洛娃, 西尔维奥·西马克, 马米·科西科, 罗曼·米蒂齐扬, 塞塞普·阿里夫, 拉赫曼, 安妮·比萨比亚, 约翰·盖蒂尔", 美国
大侦探皮卡丘 ,05/10/2019,6.5,"喜剧, 动画, 奇幻, 冒险",罗伯·莱特曼,"瑞恩·雷诺兹, 贾斯蒂斯·史密斯, 凯瑟琳·纽顿, 克里斯·吉尔, 比尔·奈伊, 渡边谦, 瑞塔·奥拉, 苏琪·沃特豪斯, 卡兰·索尼, 普莉安卡·伯福德, 乔丹·朗, 贝恩·科拉科, 卡迪夫·克尔万, 奥马尔·查帕罗, 伯纳多·桑托斯, 大谷育江, 露丝·霍洛克斯, 丹尼尔·厄根, 贾格·帕特尔, 查利·蕾娅, 埃斯奎尔, 黛博拉·洛克, 所罗门·塔伊沃, 贾斯提费尔德, 尼克·欧文福特, 凯文·马塔迪恩, 迪柏洛, 竹内凉真", 美国 / 日本 / 英国 / 加拿大
权力的游戏 第八季 ,04/14/2019,6.1,"剧情, 奇幻, 冒险","米格尔·萨普什尼克, 大卫·纳特, 戴维·贝尼奥夫, 威斯","艾米莉亚·克拉克, 基特·哈灵顿, 彼特·丁拉基, 苏菲·特纳, 麦茜·威廉姆斯, 琳娜·海蒂, 伊萨克·亨普斯特德, 怀特, 尼古拉·科斯特, 瓦尔道, 约翰·, 布莱德利, 阿尔菲·艾伦, 皮鲁·埃斯贝克, 格温多兰·克里斯蒂, 利亚姆·坎宁安, 娜塔莉·伊曼纽尔, 康勒斯·希尔, 罗伊·麦克凯恩, 杰罗姆·弗林, 克里斯托弗·海维尤, 约瑟夫·戴浦西, 雅各布·安德森, 伊恩·格雷, 安东·莱瑟, 理查德·多默, 杰玛·韦兰, 本·克朗普顿, 哈弗波·朱利尔斯, 比昂森, 丹尼尔·波特曼, 鲁珀特·范西塔特, 贝拉·拉姆齐", 美国
雷霆沙赞,04/05/2019,6.2,"动作, 奇幻, 冒险","大卫·, 桑德伯格","扎克瑞·莱维, 马克·斯特朗, 亚瑟·安其, 杰克·迪伦, 格雷泽, 杰曼·翰苏, 费丝·赫尔曼, 约文·阿曼德, 陈琦烨, 格蕾丝·富尔顿, 亚当·布罗迪, 梅根·古德, 米歇尔·博斯, 罗斯·巴特勒, 玛尔塔·米兰斯, 库珀·安德鲁斯, 罗维娜·亚瓦里, 埃文·马什, 娜塔莉·萨福兰, 科特罗纳, 艾娃·普雷斯顿, 安迪·奥修, 卡尔森·迈克马克, 莎伊娜·瑞恩, 莎拉·贝纳尼, 安吉莉卡·利斯克, 辛迪·戴, 洛塔·洛斯滕, 西蒙·诺斯伍德, 戴维·科赫史密斯, 卢·卢, 萨夫兰, 亚当·罗德内斯, 杰夫·桑卡, 阿里·巴德沙阿, 大卫·, 麦克尼尔, 达娜·雷兹尼克, 迪索·拉莫斯", 美国 / 加拿大
小飞象 ,03/29/2019,6.6,"奇幻, 冒险",蒂姆·波顿,"伊娃·格林, 科林·法瑞尔, 迈克尔·基顿, 妮可·帕克, 芬利·霍宾斯, 丹尼·德维托, 艾伦·阿金, 卡米尔·雷米泽斯基, 约瑟夫·盖特, 桑迪·马丁, 乔·奥斯蒙德, 莎朗·鲁妮, 拉斯·艾丁格, 罗珊·塞斯, 道比·欧帕瑞, 迈克尔·巴佛, 杰茜·维宁, 伯纳多·桑托斯, 贝恩·科拉科, 文森特·阿德里安, 菲利普·罗施, 露西·德维托, 拉普洛斯·卡伦福佐斯, 阿梅吉特·德尤, 史蒂芬·萨姆森, 埃里克·海登", 美国
海市蜃楼 ,03/28/2019,7.7,"科幻, 悬疑, 惊悚",奥里奥尔·保罗,"阿德里亚娜·乌加特, 奇诺·达林, 阿尔瓦罗·莫奇, 诺拉·纳瓦斯, 哈维尔·古铁雷斯, 米格尔·费南德斯, 克拉拉·塞古拉, 米玛·里埃拉, 艾娜·克洛特, 阿尔伯特·佩雷斯, 弗兰塞斯克·奥雷利亚, 阿娜·瓦格纳, 西尔维亚·阿隆索, 贝伦·鲁埃达", 西班牙
爱,03/15/2019,9.2,"喜剧, 科幻, 动画, 恐怖, 奇幻","维克多·马尔多纳多, 加布里埃尔·彭纳基奥利, 阿尔弗雷多·托雷斯, 弗兰克·巴尔森, 阿尔贝托·米尔戈, 蒂姆·米勒, 达米安·纽诺, 杰罗姆·陈, 维塔利·舒舒科, 欧文·沙利文, 罗伯特·瓦利, 戴夫·威尔逊, 乔恩·叶, 哈维尔·雷西奥, 格雷西亚","斯科特·怀特, 诺兰·诺斯, 马修·杨, 金, 迈克尔·本耶尔, 乔什·布雷纳, 艾莉·康德伦, 亨利·杜思韦特, 亚伦·希梅尔斯坦, 斯蒂芬·卡皮契奇, 莫里斯·拉马奇, 艾米丽·奥布莱恩, 凯文·迈克尔, 理查德森, 海伦·萨德勒, 伊兰妮·谭, 柯克·桑顿, 萨米拉·威利, 玛丽·伊丽莎白, 温斯特德, 卡洛斯·阿拉斯拉奇, 亚当·巴特利, 托弗·戈瑞斯, 尤里·洛文塔尔, 克里斯托弗·, 帕森, 弗雷德·塔特西奥, 布鲁斯·托马斯, 艾玛·索内特, 加里·安东尼, 威廉斯, 盖瑞·科尔, 约翰·迪, 马吉欧, 克里斯·帕内尔, 吉姆·皮里, 内斯特·塞拉诺, 吉尔·塔利, 劳拉·沃德尔, 泰姆·温特斯, 格文多林·叶, 奥米德·阿布塔西, 安东尼奥·阿尔瓦雷斯, 布莱恩·布鲁姆, 格雷厄姆·汉密尔顿, 迪特尔·詹森, 安德烈·索格利扎索", 美国
我们 ,03/08/2019,6.4,"悬疑, 惊悚, 恐怖",乔丹·皮尔,"露皮塔·尼永奥, 温斯顿·杜克, 伊丽莎白·莫斯, 蒂姆·海德克, 莎哈迪·赖特, 约瑟夫, 伊万·艾利克斯, 叶海亚·阿卜杜勒, 迈丁, 安娜·迪奥普, 卡莉·谢尔顿, 诺尔·谢尔顿, 麦迪逊·柯里, 纳皮埃拉·格罗夫斯, 杜克·尼科尔森, 内森·哈灵顿, 卡拉·海沃德", 美国 / 日本 / 中国大陆
光,11/06/2020,7.4,"剧情, 家庭",郭修篆,"庄仲维, 张顺源, 陈子颖", 马来西亚
副总统 ,12/25/2018,6.9,"剧情, 喜剧, 传记, 历史",亚当·麦凯,"克里斯蒂安·贝尔, 艾米·亚当斯, 史蒂夫·卡瑞尔, 山姆·洛克威尔, 娜奥米·沃茨, 艾丽森·皮尔, 埃迪·马森, 贾斯汀·柯克, 丽莎盖伊·汉密尔顿, 杰西·普莱蒙, 比尔·坎普, 唐·麦克马纳斯, 莉莉·拉贝, 谢伊·惠格姆, 斯蒂芬·阿德利, 葛尔盖, 泰勒·派瑞, 杰夫·博斯利, 吉利安·阿美娜特, 马修·雅各布斯", 美国
宠儿 ,08/30/2018,7.5,"剧情, 喜剧, 同性, 传记",欧格斯·兰斯莫斯,"奥利维娅·科尔曼, 艾玛·斯通, 蕾切尔·薇兹, 尼古拉斯·霍尔特, 乔·阿尔文, 马克·加蒂斯, 蒂莫西·英纳斯, 珍妮·莱恩斯福德, 詹姆斯·史密斯, 詹姆斯·梅尔维尔, 杰克·维尔", 爱尔兰 / 英国 / 美国
私人战争 ,09/07/2018,7.1,"剧情, 传记, 战争",马修·海涅曼,"裴淳华, 詹米·多南, 汤姆·霍兰德, 斯坦利·图齐, 安东尼萨桑·杰苏萨桑, 费伊·马赛", 美国
疯狂的外星人,02/05/2019,6.4,"喜剧, 科幻",宁浩,"黄渤, 沈腾, 汤姆·派福瑞, 马修·莫里森, 徐峥, 于和伟, 雷佳音, 刘桦, 邓飞, 蔡明凯, 王戈, 凯特·纳尔逊, 王砚伟, 呲路", 中国大陆
驯龙高手3 ,03/01/2019,7.4,"动画, 奇幻, 冒险",迪恩·德布洛斯,"杰伊·巴鲁切尔, 亚美莉卡·费雷拉, 默里·亚伯拉罕, 凯特·布兰切特, 杰拉德·巴特勒, 克雷格·费格森, 乔纳·希尔, 克里斯托夫·梅兹, 普莱瑟, 克里斯汀·韦格, 基特·哈灵顿, 罗宾·阿特金, 唐斯, 基隆·埃利奥特, 吉迪恩·埃默里, 阿什利·詹森, 奥拉维尔·达里, 奥拉夫松, 詹姆士·谢, 大卫·田纳特", 美国
新喜剧之王,02/05/2019,5.7,"剧情, 喜剧","周星驰, 邱礼涛","王宝强, 鄂靖文, 张全蛋, 景如洋, 张琪, 袁兴哲, 田启文, 黄骁鹏, 蔡哲睿, 苗溢伦", 中国大陆 / 中国香港
飞驰人生,02/05/2019,6.9,喜剧,韩寒,"沈腾, 黄景瑜, 尹正, 张本煜, 尹昉, 田雨, 魏翔, 赵文瑄, 腾格尔, 易小星, 李庆誉, 高华阳, 刘帅良, 李玲玉, 何穗, 潘晓婷, 田原, 李春嫒, 冯绍峰", 中国大陆
流浪地球,02/05/2019,7.9,"科幻, 冒险, 灾难",郭帆,"屈楚萧, 吴京, 李光洁, 吴孟达, 赵今麦, 隋凯, 屈菁菁, 张亦驰, 杨皓宇, 阿尔卡基·沙罗格拉茨基, 李虹辰, 杨轶, 姜志刚, 张欢, 雷佳音, 宁浩, 刘慈欣, 郭京飞, 王智, 张子贤, 路阳, 张宁, 张小北, 饶晓志, 陶珞依, 吴晓亮, 龚格尔, 郭帆", 中国大陆
阿丽塔,02/22/2019,7.5,"动作, 科幻, 冒险",罗伯特·罗德里格兹,"罗莎·萨拉查, 克里斯托弗·瓦尔兹, 基恩·约翰逊, 艾德·斯克林, 马赫沙拉·阿里, 詹妮弗·康纳利, 杰基·厄尔, 哈利, 拉娜·康多, 小豪尔赫·兰登伯格, 艾莎·冈萨雷斯, 卡斯帕·范, 迪恩, 米歇尔·罗德里格兹, 爱德华·诺顿, 杰夫·法赫, 山姆·麦地那, 德里克·梅耶斯, 艾丽·拉蒙特, 豪尔赫·, 希门尼斯, 马克·扎罗, 比利·布莱尔, 伦纳德·吴, 特里斯坦·里格斯, 迈克尔·洛夫, 托利弗, 金, 达塞尔·丹妮尔, 马克·, 怀特", 美国 / 日本 / 加拿大
怒晴湘西,01/21/2019,7.2,"剧情, 奇幻, 冒险",费振翔,"潘粤明, 高伟光, 辛芷蕾, 曹卫宇, 盛冠森, 阿丽亚, 张承, 姜宝成, 桑茗胜, 莫涂弘哲, 张熙, 陈剑, 李洪涛, 侯桐江, 陈瑾, 巴多, 冯丹菊, 韩楠, 边芳, 郑乃涛, 汪迪, 夏小帆, 杨珺钦, 杜子蓝, 朱利强, 欧正宽, 欧通锐, 蒋许乐, 叶恺文, 韩庚泽", 中国大陆
绿皮书 ,03/01/2019,8.9,"剧情, 喜剧, 传记",彼得·法雷里,"维果·莫腾森, 马赫沙拉·阿里, 琳达·卡德里尼, 塞巴斯蒂安·马尼斯科, 迪米特·, 马里诺夫, 迈克·哈顿, 伯恩, 乔·柯蒂斯, 玛姬·尼克松, 冯·刘易斯, 乔恩·索特兰, 唐·斯达克, 安东尼·曼加诺, 保罗·斯隆, 珍娜·劳伦索, 肯尼斯·以色列, 伊克博·塞巴, 尼克·瓦莱隆加, 大卫·安, 迈克·切罗内, 杰拉尔丁·辛格, 马丁·巴特斯, 布拉德福德, 格拉伦·布莱恩特, 班克斯, 汤姆·维图, 夏恩·帕特洛, 丹尼斯·, 霍尔, 吉姆·克洛克, 戴恩·罗兹, 布赖恩·斯特帕尼克, 乔恩·迈克尔, 戴维斯, 布莱恩·库瑞, 托尼亚·马尔多纳多", 美国 / 中国大陆
黑镜,12/28/2018,6.8,"剧情, 科幻, 悬疑, 惊悚",大卫·斯雷德,"菲恩·怀特海德, 克雷格·帕金森, 爱丽丝·洛维, 阿西姆·乔杜里, 威尔·保尔特, 塔露拉·哈登, 卡特里奥·诺克斯, 保罗·布拉德利, 乔纳森·阿里斯, 霍顿, 弗勒尔·基思, 劳拉·埃弗兰, 阿伦·阿萨德, 苏珊妮·伯登, 杰夫·明特, 乔恩, 乔·英克彭, 汤姆·麦卡尔, 埃利·皮尔西, 斯蒂芬·拉什布鲁克, 罗森达·桑德尔, 桑德拉·特蕾丝", 英国 / 美国
,01/10/2019,6.5,"动作, 犯罪",五百,"王千源, 包贝尔, 王迅, 王砚辉, 屈菁菁, 周游, 韩烨洲, 盖玥希, 刘敏涛, 梅婷, 潘粤明, 乔振宇, 景岗山, 杜源, 高捷, 寇占文, 刘天佐, 马浴柯, 霍青, 邢瀚卿, 李蓓蕾, 万沛鑫, 张皓然, 谢孟伟, 姜寒, 肖涵, 吕晓霖, 马京京, 黎宇航, 成方旭, 王子清, 王昱涵, 王昱淇, 郭紫铭, 要武, 滕根, 张奥", 中国大陆
密室逃生 ,01/18/2019,7.2,"悬疑, 惊悚",亚当·罗比特尔,"泰勒·拉塞尔, 洛根·米勒, 黛博拉·安沃尔, 泰勒·莱伯恩, 杰·埃利斯, 尼克·多达尼, 杰西卡·萨顿, 约里克·范, 韦杰宁根, 杰米, 李·蒙尼, 亚当·罗比特尔, 韦尔·廷德尔, 肯尼思·霍, 科尼利厄斯·吉尼, 保罗·汉普赛尔, 佩泰·塞彭克, 丹·格伦伯格, 吉诺·李", 美国 / 南非
蒙上你的眼 ,12/13/2018,7.2,"剧情, 科幻, 惊悚",苏珊娜·比尔,"桑德拉·布洛克, 崔凡特·罗兹, 约翰·马尔科维奇, 莎拉·保罗森, 杰基·韦佛, 罗莎·萨拉查, 丹妮尔·麦克唐纳, 里尔·莱尔, 哈瓦瑞, 汤姆·霍兰德, 机关枪凯利, 黄荣亮, 普路特·泰勒, 文斯, 维维恩·莱拉, 布莱尔, 帕敏德·纳格拉, 丽贝卡·彼得根, 艾米·古麦尼克, 泰勒·汉德雷, 海皮·安德森, 大卫·达斯马齐连, 基思·雅各, 克里斯托弗洛根, 弗兰克·莫特克, 泰德·霍利斯, 麦特·伦纳德", 美国
野梨树 ,05/18/2018,8.1,剧情,"努里·比格, 锡兰","岛吾·德米尔考, 穆拉特·杰姆吉尔, 本努·耶勒德热姆拉尔, 哈扎尔·埃尔居奇卢, 塞尔坎·凯斯金, 塔梅尔·莱文特, 厄内尔·埃尔坎, 里法特·桑贾尔, 阿克·阿克苏, 卡迪尔·瑟米克, 欧扎·费什特", 土耳其 / 马其顿 / 法国 / 德国 / 波黑 / 保加利亚 / 瑞典
罗马 ,05/10/2019,8.2,"剧情, 家庭",阿方索·卡隆,"雅利扎·阿巴里西奥, 玛丽娜·德, 塔维拉, 迭戈·科蒂娜, 奥特里, 卡洛斯·佩拉尔塔, 马科·格拉夫, 丹妮拉·德米萨, 南茜·加西亚, 维罗妮卡·加西亚, 安迪·科特斯, 费尔南多·格雷迪亚加, 豪尔赫·安东尼奥, 格雷罗, 拉丁·洛弗", 墨西哥 / 美国
来电狂响,12/28/2018,5.8,"剧情, 喜剧",于淼,"佟大为, 马丽, 霍思燕, 乔杉, 田雨, 代乐乐, 奚梦瑶, 艾伦, 张晨光, 杨玏, 克拉拉, 许娣, 李萍, 张帆, 徐冬冬, 何泓姗, 姜来, 刘家祎, 杜江, 钟鹿纯, 丁龙儿, 丁歌, 韩昕妤, 耿杨, 李柄熹, 刘润男, 贝镜水, 李伟, 赵宇涵, 马嘉璐, 津玮, 毕大勋, 刘剑, 常诚, 李恬洁, 贝乐乐", 中国大陆
深入敌后 ,11/30/2001,7.4,"动作, 惊悚, 战争",约翰·摩尔,"欧文·威尔逊, 吉恩·哈克曼, 盖布瑞·马赫特, 查尔斯·马利克, 威特福德, 乔昆姆·德, 阿尔梅达, 大卫·凯斯, 奥莱克·克鲁帕, 弗拉基米尔·马什科夫, 马尔科·伊贡达, 伊尔·波戴尔, 吉奥夫·皮尔森, 山姆·贾格, 尚恩·约翰逊, 唐·温斯顿", 美国
太阳泪 ,03/07/2003,7.3,"剧情, 动作, 惊悚, 战争",安东尼·福奎阿,"布鲁斯·威利斯, 莫妮卡·贝鲁奇, 科尔·豪瑟, 伊默恩·沃克, 约翰尼·梅辛纳, 尼克·齐兰德, 查尔斯·英格拉姆, 保罗·弗朗西斯, 查德·史密斯, 汤姆·斯凯里特, 马利克·鲍恩斯, 阿科苏阿·巴西亚, 萨米·罗蒂比, 本杰明·奥切恩格, 吉米·让, 刘易斯, 菲奥纽拉·弗拉纳根, 彼得·门萨, 艾莉森·迪安, 哈里·范, 戈库姆, 威廉·伍德, 贾斯汀·罗杰斯豪尔", 美国
美国黑帮 ,11/02/2007,7.9,"剧情, 犯罪",雷德利·斯科特,"丹泽尔·华盛顿, 罗素·克劳, 切瓦特·埃加福, 乔什·布洛林, 里玛莉·娜妲, 泰德·拉文, 罗杰·格午埃文, 史密斯, 约翰·浩克斯, 罗伯特·菲茨杰拉德, 迪格斯, 尤尔·瓦斯克斯, 露比·迪, 鲁本·桑地亚哥, 哈德森, 卡拉·古奇诺", 美国 / 英国
训练日 ,10/05/2001,8.0,"剧情, 惊悚, 犯罪",安东尼·福奎阿,"丹泽尔·华盛顿, 伊桑·霍克, 斯科特·格伦, 汤姆·贝伦杰, 哈里斯·于林, 伊娃·门德斯, 德瑞博士, 史努比狗狗", 美国 / 澳大利亚
星河战队,08/21/2017,6.1,"动作, 科幻, 动画","荒牧伸志, 松本胜","卡斯帕·范, 迪恩, 迪娜·迈耶, 德雷·戴维斯, 露西·克里斯蒂安", 美国 / 日本
鬼作秀 ,11/12/1982,7.3,"喜剧, 恐怖","乔治·, 罗梅罗","哈尔·霍尔布鲁克, 莱斯利·尼尔森, 阿德里安娜·巴比欧, 马绍尔, 艾德·哈里斯, 特德·丹森, 斯蒂芬·金", 美国
四兄弟 ,08/12/2005,7.1,"剧情, 动作, 悬疑, 犯罪",约翰·辛格顿,"马克·沃尔伯格, 泰瑞斯·吉布森, 安德雷·本杰明, 加内特·赫德兰, 泰伦斯·霍华德", 美国
机器纪元 ,11/28/2014,6.3,"科幻, 惊悚",加贝·伊班内兹,"安东尼奥·班德拉斯, 迪伦·麦克德莫特, 梅兰尼·格里菲斯, 比吉特·约尔特, 索伦森, 罗伯特·福斯特, 蒂姆·麦克纳尼, 安迪·尼曼, 大卫·莱尔, 安德鲁·蒂曼, 克里斯蒂娜·坎贝尔, 克里斯蒂娜·谭, 丹尼·基兰, 菲利普·罗施, 哈维尔·巴登, 哈里·阿尼奇金", 西班牙 / 保加利亚
刀走偏锋 ,10/07/2002,6.7,"科幻, 悬疑, 惊悚",文森佐·纳塔利,"杰瑞米·诺森, 刘玉玲, 尼格尔·本内特, 蒂莫西·韦伯, 大卫·休莱特, 卡瑞·玛切特, 约瑟夫·斯科伦, 阿诺德·平诺克, 博伊德·班克斯", 美国
异次元骇客 ,05/28/1999,8.4,"科幻, 悬疑, 惊悚",约瑟夫·鲁斯纳克,"克雷格·比尔克, 阿明·缪勒, 斯塔尔, 格瑞辰·摩尔, 文森特·多诺费奥, 丹尼斯·海斯伯特, 斯蒂文·沙博, 里夫·霍顿, 莱昂·里皮, 珍妮特·麦克拉克伦, 布拉德·威廉姆, 亨克, 伯特·布洛斯, 霍华德·, 米勒, 蒂娅·德克萨达, 施瑞·阿普莱碧, 鲍勃·克莱德宁, 艾莉森·洛曼, 托妮·索耶, 李韦弗, 杰弗里·里瓦斯, 约翰尼·克劳福德, 威尔·华莱士", 美国 / 德国
火线狙击 ,07/09/1993,7.3,"剧情, 动作, 惊悚",沃尔夫冈·彼德森,"克林特·伊斯特伍德, 约翰·马尔科维奇, 蕾妮·罗素, 迪伦·麦克德莫特, 盖瑞·科尔, 弗雷德·多尔顿, 汤普森, 约翰·马奥尼, 格雷戈里·艾伦, 威廉斯, 克莱德·草津, 史蒂夫·海特纳, 托宾·贝尔, 艾尔莎·瑞雯, 帕特里卡·达博, 瑞安·库托纳, 布赖恩·利比, 埃里克·布鲁斯科特尔, 约翰·赫德, 沃尔特·麦克弗森, 罗伯特·皮特斯, 里克·赫斯特, 约书亚·马林纳, 苏姗·李, 霍夫曼, 西尔克·科扎特, 柯克乔丹, 史蒂夫·雷尔斯巴克", 美国
代号47 ,08/21/2015,6.2,"动作, 惊悚, 犯罪",亚历山大·巴赫,"鲁伯特·弗兰德, 汉娜·韦尔, 扎克瑞·昆图, 塞伦·希德, 托马斯·克莱舒曼, 杨颖, 丹·巴克达尔, 迈克尔·博恩哈特, 米凯拉·卡斯帕, 杰瑞·霍夫曼, 塞巴斯蒂安·胡克, 罗夫·凯尼斯, 海伦娜·皮斯克, 尤尔根·普洛斯诺, 许优美, 兰斯·埃明格, 理查德·艾沃特, 埃米里奥·瑞弗拉, 克里斯·泰辛格", 美国 / 英国 / 德国 / 加拿大
透明人2 ,05/23/2006,5.6,"动作, 科幻, 惊悚, 恐怖",,"克里斯蒂安·史莱特, 彼得·费辛利", 美国
终结者3 ,08/29/2003,7.3,"动作, 科幻, 惊悚",乔纳森·莫斯托,"阿诺·施瓦辛格, 尼克·斯塔尔, 克莱尔·丹妮丝, 克里斯塔娜·洛肯, 大卫·安德鲁, 马克·法姆吉列蒂, 阿尔·伯恩, 茉拉哈瑞斯, 克里斯多福·劳福德, 卡罗琳·赫尼塞, 杰·阿克沃内, 迈克·康纳, 盖尼, 布莱恩·斯特斯, 阿兰娜·库瑞, 罗伯特·阿隆佐, 迈克尔·帕帕约翰, 蒂莫斯·道灵, 乔恩·福斯特, 马克·希克斯, 马特·杰拉德, 威廉姆·奥利莱里, 丽贝卡·蒂尔尼, 克里斯·哈德维克, 埃里克·里特尔", 美国 / 德国 / 英国
终结者2,07/03/1991,8.7,"动作, 科幻",詹姆斯·卡梅隆,"阿诺·施瓦辛格, 琳达·汉密尔顿, 爱德华·福隆, 罗伯特·帕特里克, 阿尔·伯恩, 乔·莫顿, 埃帕莎·默克森, 卡斯图罗·格雷拉, 丹尼·库克塞, 詹妮特·戈德斯坦恩, 山德·贝克利, 莱思莉·汉密尔顿, 格伦, 彼得·舒鲁姆, 唐·雷克, 吉姆·帕尔默, 格温达·迪肯, 科林·帕特里克, 林奇, 妮基·考克斯, 德沃恩·尼克森, 阿卜杜勒·萨拉姆, 埃尔·拉扎克, 迈克·马斯喀特, 迪恩·诺里斯, 查尔斯·, 坦伯罗, 丹尼·皮尔斯, 马克·克里斯托弗, 劳伦斯, 林凡, 乔尔·克莱默, 斯科特·肖, 史文, 欧尔·托尔森, 小威廉·威谢尔", 美国 / 法国
终结者 ,,8.2,"动作, 科幻, 惊悚",詹姆斯·卡梅隆,"阿诺·施瓦辛格, 迈克尔·比恩, 琳达·汉密尔顿, 保罗·温菲尔德, 兰斯·亨利克森, 里克·罗索维奇, 贝丝·莫塔, 阿尔·伯恩, 迪克·米勒, 弗兰科·哥伦布, 比尔·帕克斯顿, 布莱恩·汤普森, 小威廉·威谢尔, 菲利普·戈登, 哈丽特·梅丁, 玛丽安妮·穆勒雷尔, 达雷尔·马普森, 斯坦·耶尔", 美国 / 英国
终结者2018 ,06/09/2009,6.7,"动作, 科幻, 惊悚, 冒险","约瑟夫·麦克金提, 尼彻","克里斯蒂安·贝尔, 萨姆·沃辛顿, 穆恩·布拉得古德, 海伦娜·伯翰, 卡特, 安东·叶利钦, 布莱丝·达拉斯, 霍华德, 科曼, 简·亚历山大, 迈克尔·艾恩塞德, 克里斯·勃朗宁, 贝丝·贝利, 巴斯特·雷维斯, 格雷格·塞拉诺, 布鲁斯·麦金托什, 特雷瓦·埃迪内, 迪兰·科宁, 迈克尔·帕帕约翰, 克里斯·阿斯沃思, 格雷格·普利特, 泰瑞·克鲁斯, 扎克·麦克格温, 艾萨克·卡皮, 布兹·萨瑟兰德, 大卫·米德桑德, 安居尔·尼加姆, 罗兰佐·卡伦德, 乔·巴齐尔, 罗兰德·基金格, 布莱恩·斯蒂尔, 琳达·汉密尔顿, 保罗·, 珀尔特, 弗兰克·鲍沃斯", 美国 / 德国 / 英国 / 意大利
借刀杀人 ,08/06/2004,7.5,"剧情, 惊悚, 犯罪",迈克尔·曼,"汤姆·克鲁斯, 杰米·福克斯, 贾达·萍克, 史密斯, 马克·鲁弗洛, 彼得·博格, 布鲁斯·麦克吉尔, 哈维尔·巴登, 杰森·斯坦森, 艾尔玛·霍尔, 巴里·沙巴卡, 亨利, 理查德·琼斯, 博德希·埃夫曼, 黛比·玛扎, 埃米里奥·瑞弗拉, 杰米·麦克布莱德", 美国
西部世界 ,11/21/1973,7.1,"科幻, 惊悚, 西部",迈克尔·克莱顿,"尤·伯连纳, 理查德·本杰明, 詹姆斯·布洛林, 诺曼·巴托德, 艾伦·欧朋海默, 维多利亚·肖, 迪克·范, 帕滕, 史蒂夫·弗兰肯, 迈克尔·西奥多, 米克勒, 特里·威尔森, 马杰尔·巴雷特, 安妮·兰道, 查尔斯·希尔, 韦德·克罗斯比", 美国
隔绝 ,01/13/2012,6.7,"科幻, 悬疑, 惊悚, 灾难",泽维尔·吉恩斯,"劳伦·日尔曼, 迈克尔·比恩, 米洛·文堤米利亚, 考特尼·万斯, 艾什顿·霍尔姆斯, 罗姗娜·阿奎特, 迈克尔·艾克朗德, 珍妮弗·布兰克, 伊凡·冈萨雷斯", 德国 / 美国 / 加拿大
杀人不分左右 ,03/13/2009,6.6,"剧情, 惊悚, 犯罪",丹尼斯·伊利亚迪,"加瑞特·迪拉胡特, 迈克尔·鲍文, 约书亚·考克斯, 瑞琪·琳德赫姆, 亚伦·保尔, 萨拉·帕克斯顿, 莫妮卡·波特, 托尼·戈德温, 玛莎·麦萨克, 斯宾塞·崔特, 克拉克", 美国
地球停转之日 ,12/12/2008,5.8,"剧情, 科幻, 灾难",斯科特·德瑞克森,"基努·里维斯, 詹妮弗·康纳利, 凯西·贝茨, 贾登·史密斯, 约翰·克里斯, 乔恩·哈姆, 凯尔·钱德勒, 罗伯特·克耐普, 吴汉章, 约翰·罗斯曼, 森塔·普拉萨德, 胡安·雷丁格尔, 萨姆·吉尔罗伊, 坦娅·钱普, 鲁奇娅·伯纳德, 艾莉森·多恩, 穆萨·克拉许, 麦肯泽, 丹尼尔·巴孔, 里斯·亚历山大, 舍治·哈德, 奥·盖尔, 理查德·蒂尔曼, 帕特里克·萨邦圭, 杰克博·布莱尔, 肖恩·琼斯, 杰克·麦克劳克林, 乔治·沙佩尔森, 玛茜·, 豪斯, 阿隆·克拉文, 罗杰·, 克劳斯, 希瑟·多克森, 神奈川宏幸, 大卫·里士满, 佩克, 达里恩·普罗沃斯特, 肯·科齐格, 布莱尔·雷德福, 布兰登·, 杰克逊, 泰·奥尔森, 道恩·楚拜, 祖舒华·克洛斯, 吉奥夫·米德, 迈克尔·霍根, 本·科顿, 凯文·凯斯, 教皇本尼迪克特十六世, 泰勒·麦克克莱顿, 安格拉·默克尔, 弗拉基米尔·普京, 小伯特兰·罗伯逊", 美国 / 加拿大
潜龙轰天 ,10/09/1992,7.0,"动作, 惊悚, 犯罪",安德鲁·戴维斯,"史蒂文·席格, 汤米·李, 琼斯, 加里·布塞, 埃丽卡·埃伦尼克, 戴米恩·查帕, 特洛伊·伊万斯, 李·辛顿, 帕特里克·奥尼尔, 格伦·莫肖尔, 伯尼·凯西, 雷蒙德·克鲁斯, 科尔姆·米尼, 理查德·琼斯, 乔治·张, 康拉德·, 帕尔米萨诺, 迈克尔·德, 巴雷斯, 尼克, 曼库索, 丹尼斯·利普斯科姆, 代尔·戴, 芭芭拉·布什, 乔治·布什, 迪克·切尼, 老本内特·韦恩, 迪恩, 杰米·格里登, 凯恩·霍德尔, 约翰·拉夫林, 迭戈·瓦尔拉夫, 凯文·韦恩", 法国 / 美国
沙丘 ,12/01/1984,6.1,"动作, 科幻, 冒险",大卫·林奇,"肖恩·杨, 帕特里克·斯图尔特, 斯汀, 凯尔·麦克拉克伦", 美国
幽灵船 ,10/25/2002,6.9,"悬疑, 惊悚, 恐怖",史蒂芬·贝克,"加布里埃尔·伯恩, 朱丽安娜·, 玛格丽丝, 朗·埃达德, 戴斯蒙德·哈灵顿, 艾赛亚·华盛顿, 卡尔·厄本, 艾米莉·布朗宁, 阿利克斯·迪米崔德斯", 美国 / 澳大利亚
狼人 ,01/27/2010,5.7,"剧情, 惊悚, 恐怖",乔·庄斯顿,"西蒙·梅雷尔斯, 杰玛·韦兰, 艾米莉·布朗特, 本尼西奥·德尔, 托罗, 马里奥·马林, 博尔克斯, 阿萨·巴特菲尔德, 安东尼·霍普金斯, 阿特·马里克, 大卫·斯特恩, 大卫·斯科菲尔德, 克里夫·罗素, 杰拉丁·卓别林, 埃米尔奥斯迪那, 里克·贝克, 奥尔加·费多里, 雨果·维文, 安东尼·舍尔, 约翰·欧文斯, 理查德·詹姆斯, 安迪·加什古德, 理查德·韩塞尔, 山姆·哈兹尔丁, 黛安·皮尔金顿, 罗伯特, 罗曼塔拉扎克, 布兰科·托莫维奇, 马克斯·冯, 叙多夫", 英国 / 美国
12回合 ,03/27/2009,6.2,"动作, 犯罪",雷尼·哈林,"约翰·塞纳, 艾丹·吉伦, 艾什丽·斯科特, 史蒂夫·哈里斯, 布莱恩·, 怀特", 美国
弯刀 ,09/03/2010,6.5,"动作, 惊悚, 犯罪","伊桑·曼尼奎斯, 罗伯特·罗德里格兹","丹尼·特雷霍, 罗伯特·德尼罗, 杰西卡·阿尔芭, 史蒂文·席格, 米歇尔·罗德里格兹, 杰夫·法赫, 切奇·马林, 唐·约翰逊, 谢伊·惠格姆, 琳赛·洛翰, 达里尔·沙巴拉, 阿若·希利, 汤姆·萨维尼, 比利·布莱尔, 费利克斯·萨贝茨, 伊莱克特拉·阿维兰, 埃莉斯·阿维兰, 玛西·麦迪森, 梅若·利尔, 亚历杭德罗·安东尼奥, 胡安·加布里, 帕雷哈, 艾丽西亚·雷切尔, 马雷克, 杰森·道格拉斯, 布伦特·斯米加, 克里斯·华纳, 吉姆·亨利, 蒂娜·罗德里格斯, 迪图·拉里瓦, 秦依凌, 尼姆罗德·安陶尔, 埃德加·阿雷拉, 罗丝·麦高恩, 斯泰西·基齐, 詹姆士·帕克斯, 海尔斯·杨", 美国
时空线索 ,03/20/2007,7.7,"动作, 科幻, 惊悚",托尼·斯科特,"丹泽尔·华盛顿, 宝拉·巴顿, 方·基默, 吉姆·卡维泽, 亚当·戈德堡, 布鲁斯·格林伍德, 艾丽·范宁", 美国 / 英国
黑雨 ,09/22/1989,7.3,"动作, 惊悚, 犯罪",雷德利·斯科特,"迈克尔·道格拉斯, 安迪·加西亚, 高仓健, 凯特·卡普肖, 松田优作, 若山富三郎", 美国
未来水世界 ,07/28/1995,7.4,"动作, 科幻, 惊悚, 冒险",凯文·雷诺兹,"凯文·科斯特纳, 珍妮·特里普里霍恩, 蒂娜·米乔里诺, 瑞克阿维莱斯", 美国
决战犹马镇 ,09/07/2007,8.0,"剧情, 动作, 犯罪, 西部",詹姆斯·曼高德,"罗素·克劳, 克里斯蒂安·贝尔, 罗根·勒曼, 达拉斯·罗伯特斯, 本·福斯特, 彼得·方达, 凡妮莎·肖, 艾伦·图代克, 卢斯·雷恩斯, 格瑞辰·摩尔, 约翰尼·威特沃斯", 美国
,07/25/2008,5.8,"剧情, 科幻, 悬疑, 惊悚",克里斯·卡特,"大卫·杜楚尼, 吉莲·安德森, 阿曼达·皮特, 比利·康诺利, 亚当·戈德利", 美国 / 加拿大
红色警戒999 ,07/27/2016,5.7,"剧情, 动作, 惊悚, 犯罪",约翰·希尔寇特,"切瓦特·埃加福, 卡西·阿弗莱克, 伍迪·哈里森, 安东尼·麦凯, 亚伦·保尔, 小克利夫顿·克林斯, 诺曼·瑞杜斯, 凯特·温丝莱特, 盖尔·加朵, 泰莉莎·帕尔墨, 迈克尔·肯尼斯, 威廉姆斯, 米歇尔·洪, 特伦斯·罗斯摩尔, 安东尼·贝勒索, 小路易斯·达, 席尔瓦, 伊恩·卡塞尔伯里, 罗杰·米切尔, 迈克尔·哈丁, 凯伦·凯亚, 利韦尔斯, 乔恩·阿兹, 卡洛斯·阿维尔斯, 玛丽·蕾切尔, 达德利, 科特·耶格尔, 克里斯汀·霍恩, 托尼·皮茨, 迪米特·, 马里诺夫, 苏珊·玛丽, 丹哲, 朱莉娅·埃费尔茨, 特雷冯·威廉姆斯", 美国
地牢围攻 ,05/18/2010,4.7,"剧情, 动作, 奇幻, 冒险",乌维·鲍尔,"杰森·斯坦森, 莉莉·索博斯基, 约翰·瑞斯, 戴维斯, 朗·普尔曼, 克莱尔·弗兰妮, 克里斯塔娜·洛肯, 雷·利奥塔", 德国 / 加拿大 / 美国
致命武器 ,03/06/1987,7.0,"动作, 惊悚, 犯罪",理查德·唐纳,"梅尔·吉布森, 丹尼·格洛弗, 加里·布塞, 米奇·瑞恩", 美国
赶尽杀绝 ,09/07/2007,7.4,"动作, 惊悚",迈克尔·戴维斯,"克莱夫·欧文, 莫妮卡·贝鲁奇, 保罗·吉亚玛提, 史蒂芬·麦克哈蒂", 美国
绝密飞行 ,09/08/2005,6.7,"动作, 科幻, 冒险",罗伯·科恩,"乔什·卢卡斯, 杰西卡·贝尔, 杰米·福克斯, 山姆·夏普德, 理查德·劳斯伯格, 乔·莫顿, 艾邦·摩斯, 巴克拉赫, 伍迪·奈史密斯, 尼古拉斯·哈蒙德, 乔尔·托贝克, 约翰·沃特斯, 陈敬权, 保罗·潘塔诺, 卡罗琳·德索扎, 尼古拉·尼克拉斐, 瓦维克·杨, 大卫·安德鲁, 温特沃斯·米勒, 梅根·盖尔", 美国
剑鱼行动 ,06/08/2001,7.5,"动作, 惊悚, 犯罪",多米尼克·塞纳,"约翰·特拉沃尔塔, 休·杰克曼, 哈莉·贝瑞, 唐·钱德尔, 山姆·夏普德, 维尼·琼斯, 德瑞·德, 玛泰, 鲁道夫·马丁, 扎克·格雷尼尔, 卡姆林·格里梅斯, 克里克·, 沃勒尔, 卡门·阿尔根齐亚诺, 蒂姆·迪凯, 威廉·麦鲍瑟, 伊利亚·沃里克, 乔纳森·弗垃泽, 达娜·喜, 丹尼·皮尔斯, 马克·索珀, 纳塔丽·索科洛娃, 尼克·罗兰, 蒂莫西·奥门德森, 泰特·多诺万, 塞拉·法伯, 唐·耶索", 美国 / 澳大利亚
惊变28周 ,05/11/2007,6.6,"科幻, 恐怖","胡安·卡洛斯, 弗雷斯纳迪罗","杰瑞米·雷纳, 哈罗德·佩里诺, 罗伯特·卡莱尔, 罗丝·伯恩, 凯瑟琳·麦克马克, 伊莫琴·普茨, 麦金托什·马格顿, 伊德里斯·艾尔巴", 英国 / 西班牙
诸神混乱之女神陷阱 ,12/03/2004,6.0,"剧情, 动作, 科幻, 动画, 犯罪",恩基·比拉,"琳达·哈蒂, 托马斯·克莱舒曼, 夏洛特·兰普林, 亚纳·柯勒特, 弗雷德里克·皮耶罗", 法国 / 意大利 / 英国
启示 ,12/08/2006,8.6,"剧情, 动作, 冒险",梅尔·吉布森,"鲁迪·杨布拉德, 达利娅·埃尔南德斯, 乔纳森·布雷维尔, 莫里斯·博德耶洛海德, 劳尔·特鲁希洛, 赫拉多·塔拉塞纳, 卡洛斯·伊米里奥, 巴厄兹, 阿米尔卡尔·拉米瑞兹, 伊斯雷尔·康特雷拉斯, 伊斯雷尔·里奥斯, 玛利亚·迪亚兹, 埃斯皮里迪恩·阿科斯塔, 卡奇, 梅拉·萨布罗, 伊阿祖娅·拉里奥斯, 艾贝尔·伍尔里奇", 美国
浪人 ,09/25/1998,7.6,"动作, 惊悚, 犯罪",约翰·弗兰克海默,"罗伯特·德尼罗, 让·雷诺, 娜塔莎·麦克艾霍恩, 斯特兰·斯卡斯加德, 肖恩·宾", 英国 / 法国 / 美国
雪盲 ,09/11/2009,5.8,"动作, 悬疑, 惊悚, 犯罪",多米尼克·塞纳,"凯特·贝金赛尔, 盖布瑞·马赫特, 汤姆·斯凯里特, 哥伦布·绍特, 艾历克斯·奥洛林, 肖恩·多伊尔, 亚瑟·霍尔顿, 巴沙尔·拉海尔, 朱利安凯恩, 丹尼斯·基弗, 波拉琴希克森, 肖恩·塔克, 帕特里克·萨邦圭, 莎拉·墨菲, 戴森", 美国 / 加拿大 / 法国 / 土耳其
鬼讯号2,01/05/2007,6.4,"剧情, 惊悚, 恐怖, 奇幻",帕特里克·卢西尔,"内森·菲利安, 凯缇·萨克霍夫, 克雷格·法布拉斯, 艾德里安·霍姆斯, 肯德尔·克洛斯, 泰瑞尔·罗瑟里, 约书亚·巴拉德, 大卫·穆利尔查德, 泰根·摩斯, 大卫·奥斯, 瓦妮莎·托马西诺, 马诺·苏德, 艾伦·坡尔, 杰瑞德·基苏, 哈尔兰·库特沙尔, 约瑟夫·梅, 艾丽卡·沙耶, 盖尔, 塔米·吉利斯, 柯瑞·蒙特斯, 基马尼·雷, 史密斯, 奎恩·罗德, 汤姆·艾尔金斯, 菲利普·米切尔", 美国 / 加拿大
致命报应 ,04/04/2007,6.2,"惊悚, 恐怖",,"希拉里·斯万克, 安娜索菲亚·罗伯, 伊德里斯·艾尔巴, 大卫·莫瑞瑟", 美国
惊变28天 ,11/01/2002,7.1,"剧情, 科幻, 惊悚, 恐怖",丹尼·博伊尔,"基里安·墨菲, 娜奥米·哈里斯, 克里斯托弗·埃克莱斯顿, 梅根·伯恩斯, 布莱丹·格里森, 亚历克斯·帕尔墨, 宾杜·德, 斯图潘尼, 大卫·施奈德, 托比·塞奇威克, 诺亚·亨特雷", 英国
阿帕鲁萨镇 ,10/03/2008,7.0,"剧情, 动作, 犯罪, 西部",艾德·哈里斯,"杰瑞米·艾恩斯, 蒂莫西·, 墨菲, 卢斯·雷恩斯, 博伊德·肯斯特纳, 艾德·哈里斯, 维果·莫腾森, 詹姆斯·盖蒙, 蒂莫西·斯波, 汤姆·鲍尔, 弗雷迪·海斯, 尼尔·萨默斯, 蕾妮·齐薇格, 阿里亚德娜·希尔, 克里夫·格拉沃, 瑞克斯·林恩, 兰斯·亨利克森, 蕾切尔·德, 拉·托尔", 美国
致命对决 ,06/19/2015,6.1,"剧情, 动作, 惊悚","马克·斯蒂文, 约翰逊","罗伯特·德尼罗, 约翰·特拉沃尔塔, 米洛·文堤米利亚, 伊丽莎白·奥林, 黛安娜·柳贝诺娃, 卡林·塞尔梅诺夫, 斯蒂芬·施特雷夫", 美国 / 比利时 / 保加利亚
阿波罗18号 ,09/01/2011,6.0,"科幻, 惊悚, 恐怖","贡萨洛·洛佩斯, 加列戈","沃伦·克里斯蒂, 劳埃德·欧文, 迈克尔·科普萨, 安德鲁·爱尔莱", 美国 / 加拿大
星河战队3,08/05/2008,5.3,"动作, 科幻, 冒险",爱德华·诺麦尔,"卡斯帕·范, 迪恩, 乔琳纳·布拉洛克, 斯蒂芬·霍根, 波瑞斯·科乔, 阿曼达·多诺休, 玛内特·帕特森, 斯特里奥·萨万特, 坦娅·范, 格拉恩, 柯基·法尔考, 史蒂芬·詹宁斯, 格兰特·斯旺比, 乔·瓦兹, 卡尔·桑宁, 蒂龙·基奥, 凯文·奥托, 劳伦·麦格雷, 科里·伯顿, 凯瑟琳·奥克森伯格", 美国 / 南非 / 德国
世界末日 ,07/01/1998,7.8,"科幻, 灾难",迈克尔·贝,"布鲁斯·威利斯, 本·阿弗莱克, 丽芙·泰勒, 威廉·菲克纳, 比利·鲍伯, 松顿, 史蒂夫·布西密, 迈克·克拉克, 邓肯", 美国
星河战队 ,11/07/1997,7.9,"动作, 科幻, 惊悚, 冒险",保罗·范霍文,"卡斯帕·范, 迪恩, 迪娜·迈耶, 丹妮丝·理查兹, 杰克·布塞, 尼尔·帕特里克, 哈里斯, 克兰西·布朗, 塞斯·吉列姆, 帕特里克·茂顿, 迈克尔·艾恩塞德, 露·麦克拉纳罕, 马绍尔·贝尔, 埃里克·布鲁斯科特尔, 马特·莱文, 布蕾克·林斯利, 安东尼·瑞维瓦, 布兰达·斯特朗, 迪恩·诺里斯, 克里斯托弗·柯里, 莱诺尔·卡斯多夫, 罗伯特·斯莫特, 斯蒂芬·福特, 罗伯特·大卫, 豪尔, 艾米·斯马特, 蒂莫西·奥门德森, 代尔·戴", 美国
守日人 ,01/01/2006,7.4,"动作, 惊悚, 奇幻",提莫·贝克曼贝托夫,"康斯坦丁·哈宾斯基, 玛利亚·巴洛申娜, 弗拉基米尔·缅绍夫, 加林娜·秋宁娜", 俄罗斯
星河战队,07/21/2012,6.7,"动作, 科幻, 动画",荒牧伸志,, 美国 / 日本
贝奥武夫 ,11/16/2007,6.7,"动作, 动画, 奇幻, 冒险",罗伯特·泽米吉斯,"雷·温斯顿, 克里斯平·格洛弗, 安吉丽娜·朱莉, 罗宾·怀特, 安东尼·霍普金斯, 约翰·马尔科维奇, 艾莉森·洛曼", 美国 / 英国
杀戮指令 ,05/13/2016,5.8,"动作, 科幻, 恐怖",史蒂文·戈麦斯,"凡妮莎·柯比, 托尔·林德哈特, 大卫·阿贾拉, 汤姆·麦凯, 黛博拉·罗桑, 宾利·卡鲁", 英国
终极标靶 ,11/04/1993,6.6,"动作, 惊悚, 犯罪",吴宇森,"尚格·云顿, 查克·费尔, 阿诺德·沃斯洛, 兰斯·亨利克森, 杨茜·巴特勒, 威利·, 卡彭特, 卡斯·莱蒙斯, 埃利奥特·基纳, 马科·圣约翰, 泰德·雷米, 史文, 欧尔·托尔森, 朱尔斯·西尔维斯特, 威尔福德·布利姆雷", 美国
守夜人 ,07/08/2004,7.0,"动作, 奇幻",提莫·贝克曼贝托夫,"康斯坦丁·哈宾斯基, 弗拉基米尔·缅绍夫, 阿雷克西·查多夫", 俄罗斯
进化危机 ,06/08/2001,6.8,"喜剧, 科幻",伊万·雷特曼,"大卫·杜楚尼, 朱丽安·摩尔, 奥兰多·琼斯, 西恩·威廉, 斯科特, 泰德·拉文, 伊桑·苏普利, 迈克尔·博维尔, 派特·基尔贝恩, 泰·布利尔, 丹·艾克罗伊德, 凯瑟琳·汤, 格里高利·伊齐恩, 萨拉·西尔弗曼, 理查德·莫尔, 迈克尔·麦克格雷迪, 斯蒂芬·吉尔伯恩, 韦恩·杜瓦尔, 迈克尔·查普曼, 凯尔·加斯, 温迪·布劳恩, 杰瑞·特雷纳, 米丽亚姆·福林, 马里·帕特, 格里森, 安德鲁·鲍文, 李·加林顿, 乔希·阿克曼, 约翰·赵, 阿德琳妮·史密斯, 克里斯·维尔德, 马蒂·贝拉夫斯基, 汤姆·戴维斯, 安格洛·瓦科, 艾琳·卡鲁菲, 汤姆·伍德鲁夫", 美国
灭顶之灾 ,06/10/2008,6.0,"科幻, 悬疑, 惊悚, 灾难",奈特·沙马兰,"马克·沃尔伯格, 佐伊·丹斯切尔, 约翰·雷吉扎莫, 阿什琳·桑切兹, 贝蒂·巴克利", 美国 / 印度 / 法国
鬼玩人 ,10/15/1981,7.1,恐怖,山姆·雷米,"布鲁斯·坎贝尔, 艾伦·桑德维斯, 贝琪·贝克, 特丽莎缇莉", 美国
特警判官 ,06/30/1995,6.6,"动作, 科幻, 惊悚, 犯罪",丹尼·加农,"西尔维斯特·史泰龙, 阿曼德·阿山特, 罗伯·施奈德, 戴安·琳恩, 陈冲, 马克斯·冯, 叙多夫", 美国
天兆 ,08/02/2002,6.5,"剧情, 科幻, 悬疑, 惊悚",奈特·沙马兰,"梅尔·吉布森, 华金·菲尼克斯, 罗瑞·卡尔金, 阿比盖尔·布雷斯林, 切莉·琼斯, 奈特·沙马兰", 美国
杀手,11/21/2007,7.2,"动作, 惊悚, 犯罪",泽维尔·吉恩斯,"蒂莫西·奥利芬特, 多格雷·斯科特, 欧嘉·柯瑞兰寇, 罗伯特·克耐普, 乌尔里奇·汤姆森, 亨利·伊安, 库斯克, 米切尔奥菲, 艾瑞克·艾伯纳尼, 乔·谢里丹, 詹姆斯·福克纳, 西里尔·奎伊, 弗拉迪米尔·克列夫, 保罗·巴雷特, 保罗·班迪, 萨比恩·克洛森, 阿森·布拉特奇基, 阿塔纳斯·斯雷布雷夫, 沃利扎·比尼夫, 大卫·威廉, 詹姆斯·埃利奥特, 厄兹詹·厄兹代米尔", 法国 / 美国
叛国者 ,08/27/2008,7.1,"剧情, 惊悚, 犯罪",,"盖·皮尔斯, 唐·钱德尔, 杰夫·丹尼尔斯, 尼尔·麦克唐纳, 西蒙·雷诺兹", 美国
鹰眼 ,09/26/2008,7.2,"动作, 悬疑, 惊悚",卡卢索,"希亚·拉博夫, 罗莎里奥·道森, 米歇尔·莫纳汉, 比利·鲍伯, 松顿, 伊桑·恩布里", 美国 / 德国
末日危途 ,11/25/2009,7.7,"剧情, 惊悚, 冒险, 灾难",约翰·希尔寇特,"维果·莫腾森, 柯蒂·斯密特, 麦菲, 罗伯特·杜瓦尔, 查理兹·塞隆, 盖·皮尔斯", 美国
太空运输 ,,6.4,"科幻, 悬疑, 惊悚, 冒险",,马丁·拉波德, 瑞士
夺金三王 ,10/01/1999,7.0,"喜剧, 动作, 冒险","大卫·, 拉塞尔","乔治·克鲁尼, 马克·沃尔伯格, 艾斯·库珀, 斯派克·琼斯, 克利夫·柯蒂斯, 诺拉·邓恩, 杰米·肯尼迪, 萨伊德·塔格马奥, 麦凯尔泰·威廉逊, 霍特·麦克卡兰尼, 朱迪·格雷尔, 乔恩·斯克拉夫, 利兹·斯托贝尔, 阿莉雅·肖卡特, 阿里·阿夫沙尔, 吉姆·加菲根, 克里斯托弗·, 邓肯, 道格·琼斯, 彼得·马克迪斯, 布莱恩·伯茨沃斯, 皮特·安蒂克, 安东尼·阿齐兹, 本布雷, 乔斯·罗赛特, 大卫·, 拉塞尔", 美国
染血王国 ,09/28/2007,7.2,"剧情, 动作, 惊悚",彼得·博格,"杰米·福克斯, 克里斯·库珀, 詹妮弗·加纳, 杰森·贝特曼, 阿什拉夫·巴姆, 阿里·苏莱曼, 杰里米·皮文, 理查德·詹金斯, 蒂姆·麦格罗, 凯尔·钱德勒, 弗兰西丝·费舍, 丹尼·赫斯顿, 凯利·奥科, 安娜·迪佛, 史密斯, 敏卡·凯利, 艾米·汉特, 奥马尔·贝尔杜尼, 拉德·罗伊, 乌瑞·加夫利尔, 汤姆·布雷斯纳汉, 特雷弗·圣约翰, 艾什丽·斯科特, 布莱恩·马霍尼, 赫拉奇·蒂蒂赞, 梅里克·塔德罗斯, 马库斯·弗拉纳根, 萨拉·贝克, 安德鲁·阿斯特, 彼得·博格, 奥萨马·本, 拉登, 乔治·布什, 罗宾·阿特金, 唐斯", 美国 / 德国 / 阿联酋
机器战警 ,07/17/1987,7.7,"剧情, 动作, 科幻, 惊悚, 犯罪",保罗·范霍文,"彼得·威勒, 南茜·艾伦, 丹·奥赫里奇, 罗尼·考克斯, 柯特伍德·史密斯", 美国
星河战队2,04/24/2004,5.3,"动作, 科幻, 恐怖, 冒险","菲尔, 蒂贝特","比利·布朗, 理查德·布基, 凯莉·卡尔森, 何家蓓, 埃德·劳特尔, 马诺克斯, 劳伦斯·莫努森, 德鲁·鲍威尔, 爱德·奎恩, 杰森, 沙恩·斯科特, 布兰达·斯特朗, 布莱恩·泰, 斯蒂芬·斯坦顿, 乔恩·戴维森, 乔纳森·帕索", 美国
火星任务 ,03/06/2000,7.6,"剧情, 科幻, 惊悚, 冒险","布莱恩·德, 帕尔玛","加里·西尼斯, 蒂姆·罗宾斯, 唐·钱德尔, 康妮·尼尔森, 杰瑞·奥康奈尔", 美国
街头之王 ,04/11/2008,6.6,"剧情, 动作, 惊悚, 犯罪",大卫·阿耶,"基努·里维斯, 福里斯特·惠特克, 休·劳瑞, 克里斯·埃文斯, 塞德里克·凯尔斯, 杰·摩尔, 泰瑞·克鲁斯, 娜奥米·哈里斯, 科曼, 玛莎·希加瑞达, 约翰·考伯特, 阿莫里·诺拉斯科, 诺尔·古格雷米", 美国
佛莱迪大战杰森 ,08/13/2003,6.4,"惊悚, 恐怖",于仁泰,"罗伯特·英格兰德, 肯·科齐格, 莫尼卡·凯娜, 杰森·雷特, 凯莉·罗兰", 美国 / 加拿大 / 意大利
惩罚者2,12/05/2008,6.6,"剧情, 动作, 惊悚, 犯罪",莱克茜·亚历山大,"雷·史蒂文森, 多米尼克·韦斯特, 道格·休切逊, 科林·萨蒙, 韦恩·奈特, 达什·米霍克, 朱莉·本茨, 丝黛芬妮·珍妮斯卡斯, 马克·卡马乔, 罗曼诺·欧萨里, 克拉姆·马立基, 桑切斯, 拉里·戴, 罗恩·利, 托尼·卡拉布雷塔, 大卫·瓦迪姆, 奥伯特·帕拉斯西奥, 简卡·摩吉尔, 卡斯·安瓦尔", 美国 / 加拿大 / 德国
怪兽 ,09/30/2010,6.0,"剧情, 爱情, 科幻",加里斯·爱德华斯,"惠特尼·阿贝勒, 斯科特·麦克纳里", 英国
嗜血破晓 ,01/08/2010,6.9,"剧情, 动作, 科幻, 恐怖, 犯罪","迈克尔·斯派瑞, 彼得·斯派瑞","伊桑·霍克, 威廉·达福, 伊莎贝尔·卢卡斯, 山姆·尼尔, 哈里尔特·敏托, 戴, 克劳迪娅·卡万, 文斯·科洛斯莫, 迈克尔·多曼", 美国 / 澳大利亚
末日侵袭 ,03/14/2008,6.1,"动作, 科幻, 惊悚",尼尔·马歇尔,"罗娜·迈特拉, 鲍勃·霍斯金斯, 亚历山大·希迪格, 艾德里安·莱斯特, 西恩·帕特维", 英国 / 美国 / 南非 / 德国
变蝇人 ,08/15/1986,7.3,"科幻, 恐怖",大卫·柯南伯格,"杰夫·高布伦, 吉娜·戴维斯, 约翰·盖兹, 乔·波希尔, 莱斯利·卡尔森, 大卫·柯南伯格", 美国 / 英国 / 加拿大
,06/19/1998,6.9,"科幻, 悬疑, 惊悚, 恐怖, 犯罪",罗伯·鲍曼,"大卫·杜楚尼, 吉莲·安德森, 约翰·内威尔, 威廉·, 戴维斯, 米彻·佩勒吉", 加拿大 / 美国
星际传奇2 ,06/11/2004,6.9,"动作, 科幻, 惊悚, 冒险",大卫·杜西,"范·迪塞尔, 科鲁姆·费奥瑞, 坦迪·牛顿, 朱迪·丹奇, 卡尔·厄本, 艾莉克莎·黛瓦洛斯, 莱纳斯·罗彻, 约里克·范, 韦杰宁根, 尼克·齐兰德, 凯斯·大卫, 罗杰·, 克劳斯, 特瑞·陈, 克里斯蒂娜·考克斯", 美国
红色星球 ,11/06/2000,6.5,"动作, 科幻, 惊悚",安东尼·霍夫曼,"方·基默, 凯瑞, 安·莫斯, 汤姆·塞兹摩尔, 本杰明·布拉特, 西蒙·贝克, 特伦斯·斯坦普, 内尔·洛斯", 美国 / 澳大利亚
艾利之书 ,01/15/2010,6.7,"剧情, 动作, 冒险","艾尔伯特·休斯, 艾伦·休斯","丹泽尔·华盛顿, 加里·奥德曼, 米拉·库尼斯, 詹妮弗·比尔斯, 迈克尔·刚本, 雷·史蒂文森, 汤姆·威兹", 美国
马克思·佩恩 ,10/17/2008,5.5,"剧情, 动作, 悬疑, 惊悚, 犯罪",约翰·摩尔,"马克·沃尔伯格, 米拉·库尼斯, 博·布里奇斯, 克里斯·奥唐纳, 唐纳尔·罗格, 欧嘉·柯瑞兰寇, 阿莫里·诺拉斯科", 美国 / 加拿大
魔兽战场 ,07/11/2008,5.8,"动作, 科幻, 冒险",霍华德·麦凯恩,"吉姆·卡维泽, 索菲娅·迈尔斯, 杰克·休斯顿, 约翰·赫特, 艾丹·迪瓦恩, 朗·普尔曼, 詹姆斯·普雷斯顿, 罗杰斯, 莫拉利亚·奥斯丁, 泰德·路德齐克, 西蒙·诺斯伍德, 托德·施罗德, 里卡多·霍约斯", 美国 / 德国
昆池岩 ,03/28/2018,6.2,恐怖,郑凡植,"魏化俊, 朴智炫, 吴雅妍, 文艺媛, 朴成焄, 刘帝允, 李承旭", 韩国
犬之岛 ,04/20/2018,8.3,"喜剧, 动画, 冒险",韦斯·安德森,"布莱恩·科兰斯顿, 爱德华·诺顿, 科宇·兰金, 列维·施瑞博尔, 比尔·默瑞, 杰夫·高布伦, 鲍勃·巴拉班, 野村训市, 格蕾塔·葛韦格, 斯嘉丽·约翰逊, 蒂尔达·斯文顿, 弗兰西斯·麦克多蒙德, 罗曼·科波拉, 卡拉·海沃德, 高山明, 伊藤晃, 哈威·凯特尔, 默里·亚伯拉罕, 小野洋子, 渡边谦, 夏木真理, 费舍·史蒂芬斯, 村上虹郎, 考特尼·万斯, 安杰丽卡·休斯顿, 野田洋次郎, 山田孝之, 秋元梢, 松田翔太, 松田龙平, 池田依来沙, 杰克·莱恩, 育乃介, 儿玉太智, 卡琳·奥克索, 弗兰克·伍德, 爱德华·博奇", 美国 / 德国
撞死了一只羊,04/26/2019,7.2,剧情,万玛才旦,"金巴, 更登彭措, 索朗旺姆", 中国大陆
过春天,03/15/2019,7.7,剧情,白雪,"黄尧, 孙阳, 汤加文, 倪虹洁, 江美仪, 廖启智, 焦刚", 中国大陆
花牌情缘,03/17/2018,7.9,剧情,小泉德宏,"广濑铃, 野村周平, 新田真剑佑, 上白石萌音, 矢本悠马, 森永悠希, 清水寻也, 优希美青, 佐野勇斗, 清原果耶, 松冈茉优, 贺来贤人, 松田美由纪, 国村隼", 日本
我的冠军男友 ,02/22/2018,7.4,"剧情, 爱情, 同性, 运动",马塞尔·吉斯莱,"麦克斯·胡巴赫, 艾伦·阿尔塔拉斯, 杰西·莫拉维克, 朱格·普拉斯, 多诺·穆格勒, 安德烈亚斯·马蒂, 希尔温·阿米尼, 法比齐奥·波萨尼, 朱利安·科奇林, 加布里埃尔·诺亚, 马瑞尔, 施塔隆·安德森, 乔利斯·格拉沃尔", 瑞士
诡怪疑云 ,10/27/2017,6.7,恐怖,德米安·鲁格纳,"阿里埃尔·查瓦里亚, 马克西米利亚诺·吉安尼, 诺贝托·冈萨罗", 阿根廷
超时空接触 ,07/11/1997,8.4,"剧情, 科幻, 悬疑, 惊悚",罗伯特·泽米吉斯,"吉娜·马隆, 大卫·摩斯, 朱迪·福斯特, 杰弗里·布莱克, 威廉·菲克纳, 蒂莫西·麦克尼尔, 马修·麦康纳, 汤姆·斯凯里特, 亨利斯·特罗齐尔, 马克斯·马蒂尼, 拉里·金, 詹姆斯·伍兹, 安吉拉·贝塞特, 玛丽亚·克莱斯特, 阿拉拉斯, 杰·雷诺, 安·德鲁扬, 罗伯·劳, 杰克·布塞, 约翰·赫特, 大卫·圣, 詹姆斯, 斯蒂芬·福特, 菲利普·贝格龙, 马克·麦考利, 塔克·斯莫尔伍德, 冈本玉二, 格里·格里芬, 亚历克斯·维多夫, 罗宾·甘梅尔, 克里斯托弗·瑞安, 温特斯, 尼尔·阿姆斯特朗, 马克·贝利, 克里斯托弗·波耶尔, 比尔·克林顿", 美国
斯巴达300勇士 ,12/09/2006,7.8,"动作, 历史, 战争",扎克·施奈德,"杰拉德·巴特勒, 琳娜·海蒂, 多米尼克·韦斯特, 大卫·文翰, 文森特·里根, 迈克尔·法斯宾德, 汤姆·威斯多姆, 安德鲁·普利文, 安德鲁·蒂曼, 罗德里戈·桑托罗, 凯利·克雷格, 泰勒·内策尔, 提姆·康纳利, 玛丽·朱莉叶, 里夫斯特, 彼得·门萨, 亚瑟·霍尔顿, 丹尼斯·圣约翰, 尼尔·纳皮尔, 戴兰·史密斯, 毛里齐奥·泰拉扎诺, 夸西·宋桂, 安德鲁·舍夫, 罗宾·威尔科克, 蒂龙·本斯金, 罗伯特·梅耶, 帕特里克·萨邦圭, 加里·, 赫克, 达伦·萨赫拉维, 马克·托蒂尔, 阿格涅丝卡·乌诺洛斯卡, 迈克尔·西奈尔尼科夫", 美国
风云,12/09/2009,5.0,"动作, 奇幻, 冒险","彭顺, 彭发","郭富城, 郑伊健, 蔡卓妍, 唐嫣, 谢霆锋, 任达华, 何家劲, 谭耀文, 林雪", 中国香港 / 中国大陆
驱魔人 ,12/26/1973,7.6,恐怖,威廉·弗莱德金,"艾伦·伯斯汀, 马克斯·冯, 叙多夫, 李·科布, 琳达·布莱尔, 杰森·米勒", 美国
杀出个黎明 ,01/19/1996,7.5,"动作, 恐怖, 犯罪",罗伯特·罗德里格兹,"乔治·克鲁尼, 昆汀·塔伦蒂诺, 哈威·凯特尔, 朱丽叶特·刘易斯, 萨尔玛·海耶克, 迈克尔·帕克斯, 丹尼·特雷霍", 美国
恐怖解剖室 ,04/18/2008,6.3,"惊悚, 犯罪",马克·施科尔曼,"米洛·文堤米利亚, 迈克尔·温斯顿, 艾莉莎·米兰诺, 劳伦·李, 史密斯", 美国
赏金杀手 ,09/06/2013,5.3,"动作, 科幻, 惊悚",,"马修·马斯登, 克里斯塔娜·洛肯, 克里斯蒂安·皮特雷, 巴拉克·哈德利, 亚布拉哈姆·本鲁比, 加里·布塞, 比佛莉·德安姬罗, 凯文·麦克纳利, 阿丽夏·维加", 美国
壮志凌云 ,05/16/1986,7.7,动作,托尼·斯科特,"汤姆·克鲁斯, 凯莉·麦吉利斯, 方·基默, 安东尼·爱德华兹, 汤姆·斯凯里特, 迈克尔·艾恩塞德, 约翰·斯托克韦尔, 里克·罗索维奇, 蒂姆·罗宾斯, 小克拉伦斯·吉尔亚德, 维普哈布莱, 詹姆斯·托根, 梅格·瑞恩, 亚德里安·帕斯达", 美国
潜伏者 ,07/15/2016,7.0,"剧情, 传记, 犯罪",布拉德·福尔曼,"布莱恩·科兰斯顿, 黛安·克鲁格, 本杰明·布拉特, 埃伦娜·安纳亚, 鲁本·奥查迪亚诺, 马克·霍尔登, 米切尔·马伦, 宾利·卡鲁", 英国
午夜逃亡 ,02/12/2016,5.9,"剧情, 科幻, 冒险",杰夫·尼克尔斯,"迈克尔·珊农, 乔尔·埃哲顿, 克斯汀·邓斯特, 亚当·德赖弗, 杰登·马泰尔, 山姆·夏普德, 斯科特·黑兹, 比尔·坎普, 保罗·斯帕克斯, 丹娜·格瑞尔, 韦恩·佩雷, 詹姆斯·杜蒙特, 比利·斯洛特, 加雷特·海因斯, 肖恩·布里吉格斯", 美国
独行杀手 ,10/25/1967,8.4,"剧情, 悬疑, 惊悚, 犯罪","让, 皮埃尔·梅尔维尔","阿兰·德龙, 弗朗索瓦·佩里埃, 娜塔丽·德隆, 凯茜·罗齐尔", 法国 / 意大利
给爸爸的信 ,02/18/1995,7.9,"剧情, 动作, 犯罪",元奎,"李连杰, 梅艳芳, 谢苗, 于荣光, 刘松仁, 柯受良", 中国香港 / 中国大陆
警察有约,12/27/2003,7.4,"喜剧, 爱情",徐耿,"夏雨, 梁静, 伍宇娟, 沈丹萍, 袁立, 李明启, 丁嘉丽, 贺小书, 剧雪, 李湘, 马晓晴, 谢雨欣, 许亚军, 雪村, 杨立新, 袁泉", 中国大陆
波拉特 ,11/03/2006,7.4,喜剧,拉里·查尔斯,"萨莎·拜伦, 科恩, 肯·戴维蒂安, 路奈尔·坎贝尔, 帕米拉·安德森, 简·帕雷特, 鲍勃·巴尔", 美国 / 英国
金牌制作人 ,12/25/2005,7.1,"喜剧, 歌舞",苏珊·史特罗曼,"内森·连恩, 马修·布罗德里克, 乌玛·瑟曼, 威尔·法瑞尔", 美国
断箭 ,10/09/2011,7.8,剧情,郑智泳,"安圣基, 朴元尚, 金智昊, 金芝荷", 韩国
埋伏,01/14/1997,7.8,"剧情, 喜剧","黄建新, 杨亚洲","冯巩, 江珊, 滕汝骏, 张嘉益, 牛振华, 师小红, 郭冬临, 林海海, 赵秀云, 陈好, 刘峻岭, 姚英华", 中国大陆
喋血双雄 ,07/06/1989,8.4,"剧情, 动作, 惊悚, 犯罪",吴宇森,"周润发, 李修贤, 叶倩文, 曾江, 朱江, 成奎安, 黄光亮", 中国香港
虎兄虎弟 ,04/07/2004,8.6,"剧情, 冒险","让, 雅克·阿诺","盖·皮尔斯, 让, 克洛德·德雷菲斯, 弗莱迪·海默, 阮勇, 菲利平·勒鲁瓦, 博利约, 茂萨·马斯克里, 斯蒂芬妮·拉格拉德, 戴维·甘特, 诺扎·夸德拉, 朱丽叶·霍兰德, 博·高缇耶, 代·克莫尔, 克里斯托夫·谢松", 法国 / 英国
异形3 ,05/22/1992,7.2,"动作, 科幻, 恐怖",大卫·芬奇,"西格妮·韦弗, 查尔斯·达顿, 查尔斯·丹斯, 保罗·麦甘恩, 布莱恩·格洛弗, 拉尔夫·布朗, 丹尼·韦伯, 克里斯托弗·约翰, 菲尔兹, 霍特·麦克卡兰尼, 兰斯·亨利克森, 克里斯托弗·法里班克", 美国
深藏不露 ,07/01/2002,8.3,短片,,杰瑞米·西斯托, 美国
12勇士 ,01/19/2018,6.8,"剧情, 动作, 历史, 战争",尼科莱·弗格西格,"克里斯·海姆斯沃斯, 迈克尔·珊农, 迈克尔·佩纳, 纳维德·内加班, 崔凡特·罗兹, 吉欧夫·斯图兹, 萨德·拉金比尔, 奥斯汀·赫伯特, 奥斯汀·斯托维尔, 本·奥图尔, 肯尼斯·米勒, 肯尼·谢尔德, 杰克·凯西, 罗伯·里格尔, 威廉·菲克纳, 阿希亚·曼达维, 埃尔莎·帕塔奇, 玛丽·瓦根曼, 劳伦·迈尔斯, 阿利森·金, 莱斯·纳克里, 法希姆·法兹利, 纽曼·阿卡, 塞斯·艾德金斯, 泰勒·谢里丹", 美国
,04/29/2011,5.8,"剧情, 悬疑, 惊悚, 犯罪",彭顺,"郭富城, 廖启智, 徐正溪, 龚蓓苾, 张兆辉, 王梓一, 谭耀文, 林司敏, 李蕴, 何浚尉", 中国香港 / 中国大陆
疯狂的心 ,12/11/2009,7.6,"剧情, 爱情, 音乐",斯科特·库珀,"杰夫·布里吉斯, 玛吉·吉伦哈尔, 科林·法瑞尔, 罗伯特·杜瓦尔, 大卫·曼扎纳雷斯, 贝丝·格兰特, 汤姆·鲍尔, 安妮·科利, 詹姆斯·基恩, 安娜·菲利克斯, 保罗·赫尔曼, 瑞恩·宾汉姆, 里克·岱尔, 黛布瑞安娜·曼西尼, 杰瑞·汉迪, 杰克·内辛, 瑞尔·亚当森, 迈克尔·奥利瓦", 美国
超验骇客 ,04/18/2014,6.6,"动作, 爱情, 科幻",沃利·菲斯特,"约翰尼·德普, 丽贝卡·豪尔, 保罗·贝坦尼, 基里安·墨菲, 凯特·玛拉, 科尔·豪瑟, 摩根·弗里曼, 小克利夫顿·克林斯, 科里·哈德里克, 法尔克·亨特切尔, 乔什·斯图沃特, 山德·贝克利", 美国 / 中国大陆 / 英国
蝙蝠侠,10/18/2011,8.2,"剧情, 动作, 动画, 犯罪","刘山姆, 劳伦·蒙哥马利",, 美国
侏罗纪公园3 ,01/23/2002,7.3,"动作, 科幻, 惊悚, 冒险",乔·庄斯顿,"山姆·尼尔, 威廉姆·, 梅西, 蒂娅·里欧妮, 亚历桑德罗·尼沃拉, 特拉沃·摩根, 迈克尔·杰特, 约翰·迪尔, 劳拉·邓恩, 泰勒·尼科斯, 马克·哈雷利克, 胡里奥·奥斯卡, 门乔索, 布莱克·迈克尔, 布莱恩, 萨拉·丹尼尔, 马迪森, 琳达·朴, 布鲁斯·, 扬", 美国
惊声尖叫2 ,12/12/1997,6.4,"悬疑, 恐怖, 犯罪",韦斯·克雷文,"内芙·坎贝尔, 杰米·肯尼迪, 柯特妮·考克斯, 列维·施瑞博尔, 贾达·萍克, 史密斯, 海瑟·格拉汉姆, 莎拉·米歇尔, 盖拉, 卢克·威尔逊", 美国
会计刺客 ,10/14/2016,7.6,"剧情, 动作, 惊悚, 犯罪",加文·欧康诺,"本·阿弗莱克, 安娜·肯德里克, 西蒙斯, 乔·博恩瑟, 杰弗里·塔伯, 辛希亚·阿戴, 罗宾森, 约翰·利思戈, 珍·斯马特, 安迪·昂伯格, 艾莉森·赖特, 杰森·戴维斯, 罗伯特·, 特雷维勒, 玛丽·克拉夫特, 塞思·李, 杰克·普雷斯利", 美国
惊声尖叫3 ,02/04/2000,6.3,"悬疑, 恐怖, 犯罪",韦斯·克雷文,"内芙·坎贝尔, 列维·施瑞博尔, 柯特妮·考克斯, 大卫·阿奎特, 杰米·肯尼迪", 美国
叶问前传,06/24/2010,5.8,动作,邱礼涛,"杜宇航, 樊少皇, 元彪, 陈嘉桓, 黄奕, 洪金宝, 廖碧儿, 叶准, 林雪, 徐娇, 张继聪, 张敬轩, 李力持", 中国香港 / 中国大陆
空中营救 ,09/19/2014,7.6,"动作, 悬疑, 惊悚, 灾难",佐米·希尔拉,"连姆·尼森, 朱丽安·摩尔, 斯科特·麦克纳里, 米歇尔·道克瑞, 内特·派克, 寇瑞·斯托尔, 露皮塔·尼永奥, 奥玛尔·梅特瓦利, 杰森·巴特勒, 哈纳, 莱纳斯·罗彻, 谢伊·惠格姆, 安松·蒙特, 奎恩·麦克科甘, 科里·霍金斯, 弗兰克·迪尔", 英国 / 法国 / 美国
洛奇2 ,06/15/1979,8.3,"剧情, 运动",西尔维斯特·史泰龙,"西尔维斯特·史泰龙, 塔莉娅·夏尔, 波特·杨, 卡尔·韦瑟斯, 布吉斯·梅迪斯", 美国
变形金刚大电影 ,08/08/1986,8.3,"动作, 科幻, 动画, 冒险",尼尔森·申,"彼特·库伦, 伦纳德·尼莫伊, 弗兰克·维尔克, 奥逊·威尔斯, 贾德·尼尔森, 克里斯·拉塔, 诺曼·阿尔登, 杰克·安杰尔, 迈克尔·贝尔, 格雷格·白尔杰, 苏珊·布卢, 科里·伯顿, 罗杰·, 卡梅尔, 维克多·卡洛里, 斯加特曼·克罗索斯, 保罗·伊丁", 美国 / 日本
阿尔法,09/07/2018,6.5,"剧情, 冒险",艾尔伯特·休斯,"柯蒂·斯密特, 麦菲, 恰克, 约翰内斯·豪克尔, 约翰内森, 娜塔莎·迈尔兹, 蕾奥娜·维埃拉, 延斯·赫尔腾, 梅赛德斯·德拉泽尔达, 普里亚·拉贾拉特南, 斯潘塞·博加特, 帕特里克·弗拉纳根, 迈克尔·克鲁斯, 代赫勒, 马辛·科瓦奇克", 美国 / 加拿大 / 中国大陆
局内人 ,03/16/2006,7.7,"剧情, 悬疑, 惊悚, 犯罪",斯派克·李,"丹泽尔·华盛顿, 克莱夫·欧文, 朱迪·福斯特, 克里斯托弗·普卢默, 威廉·达福, 切瓦特·埃加福, 金·迪莱克特, 肯·梁, 萨曼夏·艾弗斯", 美国
捕蝇纸 ,01/28/2011,7.8,"喜剧, 犯罪",罗伯·明可夫,"帕特里克·德姆西, 艾什莉·贾德, 蒂姆·布雷克, 尼尔森, 梅奇·费法, 马特·瑞安, 杰弗里·塔伯, 约翰·文堤米利亚, 普路特·泰勒, 文斯, 柯蒂斯·阿姆斯壮, 罗布·许贝尔", 美国 / 德国
第九道门 ,08/25/1999,7.2,"剧情, 悬疑, 惊悚, 恐怖, 奇幻",罗曼·波兰斯基,"约翰尼·德普, 弗兰克·兰格拉, 莉娜·奥琳, 艾玛纽尔·塞尼耶, 芭芭拉·杰夫德, 杰克·泰勒, 何塞·洛佩斯, 罗德罗, 詹姆斯·拉索, 威利霍尔特, 艾伦·加菲尔德, 雅克·达克米纳, 乔·谢里丹, 丽贝卡·保利, 伊曼纽尔·博, 克里斯托弗·古德曼", 法国 / 西班牙
不准掉头 ,10/03/1997,8.0,"剧情, 惊悚, 犯罪",奥利佛·斯通,"西恩·潘, 尼克·诺特, 詹妮弗·洛佩兹, 比利·鲍伯, 松顿, 丽芙·泰勒, 华金·菲尼克斯, 克莱尔·丹妮丝, 强·沃特", 法国 / 美国
阿基拉 ,07/16/1988,8.5,"动作, 科幻, 动画",大友克洋,"岩田光央, 佐佐木望, 小山茉美, 玄田哲章, 大竹宏, 北村弘一, 池水通洋, 渊崎由里子, 大仓正章, 荒川太郎, 草尾毅, 田中和实, 加藤将之, 秋元羊介, 平野正人, 岸野幸正, 中村龙彦, 神藤一弘, 伊藤福惠, 二又一成, 盐屋浩三, 小林通孝, 梅津秀行, 稻垣悟, 藤井佳代子, 丰岛雅美, 大野由佳, 铃木瑞穗, 石田太郎", 日本
透明人 ,08/04/2000,6.8,"科幻, 惊悚, 恐怖",保罗·范霍文,"伊丽莎白·苏, 凯文·贝肯, 乔什·布洛林, 金·迪肯斯, 格雷戈·格伦伯格, 乔伊·斯洛特尼克, 玛丽·兰德尔, 威廉姆·德瓦内, 罗娜·迈特拉, 巴勃罗·埃斯皮诺萨, 帕特里克·麦克康尔马克, 汤姆·伍德鲁夫, 加里·, 赫克", 美国 / 德国
生于七月四日 ,12/20/1989,7.8,"剧情, 传记, 战争",奥利佛·斯通,"汤姆·克鲁斯, 雷蒙德·, 巴里, 卡罗琳·卡瓦, 乔希·埃文斯, 安妮·博比, 汤姆·贝伦杰, 弗兰克·威利, 杰瑞·乐文, 史蒂芬·鲍德温, 威廉·达福", 美国
龙的传人 ,03/07/1991,7.2,喜剧,李修贤,"周星驰, 梁家仁, 毛舜筠, 元华, 李海生, 龙方, 叶子楣, 元奎, 成奎安", 中国香港
加菲猫2 ,06/16/2006,7.5,"喜剧, 家庭",蒂姆·希尔,"布瑞金·梅耶, 詹妮弗·洛芙, 休伊特, 比利·康诺利, 比尔·默瑞, 伊安·艾伯克龙比, 罗杰·里斯, 露茜·戴维斯, 维罗妮卡·阿利奇诺, 简·卡尔, 奥利弗·缪尔海德, 布兰科, 维尔内·沃特森, 约翰逊, 本·法尔科内, 布莱斯·列侬, 朱迪斯·沙克妮, 梅兰妮·托尔伯特, 罗斯科·李, 布朗尼, 格雷格·埃利斯, 鲍勃·霍斯金斯, 珊农·奥斯博内, 蒂姆·克里, 简·丽芙丝, 简·霍洛克斯, 理查德·, 格兰特, 维尼·琼斯, 瑞斯·伊凡斯, 吉姆·皮多克, 尼尔·迪克森, 罗宾·阿特金, 唐斯, 吉恩·吉尔平, 霍普·利维, 贾斯汀·沉卡罗, 玛丽莲·德, 马尔科, 乔·唐尼", 英国 / 美国
